url,name,description,rating,reviews,category,unknown1,location,image_url,service_option1,service_option2
,,,,,,,,,,
,,,,,,,,,,
"https://www.google.com/maps/place/Somtam+Papaya+salad,+Spicy+Salad+by+Aunt+Ae/data=!4m7!3m6!1s0x313c399aab17b7ed:0x9fcab4afff0bf214!8m2!3d16.950375!4d104.7253988!16s%2Fg%2F11hy5p97m1!19sChIJ7bcXq5o5PDERFPIL_6-0yp8?authuser=0&hl=en&rclk=1","Somtam Papaya salad, Spicy Salad by Aunt Ae",4.7,(65),Restaurant,·,"XP2G+45R, Chayangkun Rd",https://lh5.googleusercontent.com/p/AF1QipO2O18J3BQmzf6TZkyNBG4QfSIIoRBu_1M4djmM=w163-h92-k-no,Dine-in,·,Takeaway
https://www.google.com/maps/place/Qhun+Qhun+Kitchen/data=!4m7!3m6!1s0x313c376e4531a599:0x876135e099aeaddd!8m2!3d16.9350557!4d104.7099568!16s%2Fg%2F11j8q_80yq!19sChIJmaUxRW43PDER3a2umeA1YYc?authuser=0&hl=en&rclk=1,Qhun Qhun Kitchen,4.5,(35),Restaurant,·,"หมู่ 8, ตําบลธาตุพนม อําเภอ",https://lh5.googleusercontent.com/p/AF1QipPC9r4tx1hC9lFwHpRIcS_I9E5EYIkiritU0cU=w122-h92-k-no,Dine-in,·,Takeaway
https://www.google.com/maps/place/%E0%B9%80%E0%B8%9D%E0%B8%AD%E0%B8%9B%E0%B8%A3%E0%B8%B0%E0%B8%95%E0%B8%B9%E0%B9%82%E0%B8%82%E0%B8%87/data=!4m7!3m6!1s0x313c392f1a74ebc1:0x55949528bff4d79b!8m2!3d16.9430847!4d104.7277924!16s%2Fg%2F11qmrl90qp!19sChIJwet0Gi85PDERm9f0vyiVlFU?authuser=0&hl=en&rclk=1,เฝอประตูโขง,4.3,(3),Restaurant,·,30 ถนน พนมพนารักษ์,https://lh5.googleusercontent.com/p/AF1QipM9U-8P9O9GvHfHPF8LW7PtTXr2_RL77u5l6Q9Q=w122-h92-k-no,Dine-in,·,Takeaway
https://www.google.com/maps/place/Kok+Tong+Pla+Chum+That+Phanom+Shop-+Fresh+Fish+Dishes+Restaurant/data=!4m7!3m6!1s0x313c39a25529e1db:0x9704066283b2b890!8m2!3d16.9511952!4d104.7243337!16s%2Fg%2F11gnsp_wzb!19sChIJ2-EpVaI5PDERkLiyg2IGBJc?authuser=0&hl=en&rclk=1,Kok Tong Pla Chum That Phanom Shop- Fresh Fish Dishes Restaurant,4.6,(62),Restaurant,·,12หมู่13,https://lh5.googleusercontent.com/p/AF1QipNzJ_54ePcTlReAt0bNcezuGuj-asyU5FvhdbZ0=w122-h92-k-no,Dine-in,·,Takeaway
https://www.google.com/maps/place/Daothong+Vietnamese+Food+Restaurant/data=!4m7!3m6!1s0x313c39de3ad75f2d:0xd9e789a9a3572d06!8m2!3d16.9423352!4d104.7281226!16s%2Fg%2F11bxfrlw_2!19sChIJLV_XOt45PDERBi1Xo6mJ59k?authuser=0&hl=en&rclk=1,Daothong Vietnamese Food Restaurant,4.1,(820),Vietnamese,·,ถนน พนมพนารักษ์,https://lh5.googleusercontent.com/p/AF1QipNh1xOvXl-JfxiaMAmX96EUtpYTmuGDhO8jFls=w122-h92-k-no,Dine-in,·,Takeaway
"https://www.google.com/maps/place/Solae+Restaurant,+That+Phanom+Town:+Thai+food,+Thai+beer,+%26+Thai+live+music+!/data=!4m7!3m6!1s0x313c39dde96c1bd3:0x288acf5d04be827e!8m2!3d16.946194!4d104.727758!16s%2Fg%2F11crzg5vmf!19sChIJ0xts6d05PDERfoK-BF3Piig?authuser=0&hl=en&rclk=1","Solae Restaurant, That Phanom Town: Thai food, Thai beer, & Thai live music !",4.3,(127),Restaurant,·,55 ม.2,,Dine-in,·,Takeaway
https://www.google.com/maps/place/%E0%B9%80%E0%B8%88%E0%B9%8A%E0%B9%80%E0%B8%9E%E0%B9%87%E0%B8%8D%E0%B8%A3%E0%B8%B4%E0%B8%A1%E0%B9%82%E0%B8%82%E0%B8%87+%E0%B8%82%E0%B9%89%E0%B8%B2%E0%B8%A7%E0%B9%80%E0%B8%9B%E0%B8%B5%E0%B8%A2%E0%B8%81%E0%B9%80%E0%B8%AA%E0%B9%89%E0%B8%99/data=!4m7!3m6!1s0x313c39d679163b73:0x331c47b81abcf300!8m2!3d16.94632!4d104.7295709!16s%2Fg%2F11rmyt0v_4!19sChIJczsWedY5PDERAPO8GrhHHDM?authuser=0&hl=en&rclk=1,เจ๊เพ็ญริมโขง ข้าวเปียกเส้น,,,Thai,·,WPWH+GRG,https://streetviewpixels-pa.googleapis.com/v1/thumbnail?panoid=TDl7nkEDOJeoNehnWQfywQ&cb_client=search.gws-prod.gps&w=80&h=92&yaw=220.33614&pitch=0&thumbfov=100,Dine-in,·,Takeaway
https://www.google.com/maps/place/%E0%B8%A3%E0%B9%89%E0%B8%B2%E0%B8%99%E0%B8%82%E0%B9%89%E0%B8%B2%E0%B8%A7%E0%B9%81%E0%B8%81%E0%B8%87%E0%B8%A3%E0%B8%B4%E0%B8%A1%E0%B8%9A%E0%B8%B6%E0%B8%87/data=!4m7!3m6!1s0x313c395bda820c21:0xbf880c98189e21f3!8m2!3d16.9456709!4d104.7275192!16s%2Fg%2F11fd4k_j15!19sChIJIQyC2ls5PDER8yGeGJgMiL8?authuser=0&hl=en&rclk=1,ร้านข้าวแกงริมบึง,4.8,(11),Restaurant,·,Unnamed Road,,Dine-in,·,Takeaway
https://www.google.com/maps/place/%E0%B8%98%E0%B8%99%E0%B8%9E%E0%B8%A3%E0%B8%9A%E0%B8%B0%E0%B8%AB%E0%B8%A1%E0%B8%B5%E0%B9%88%E0%B9%80%E0%B8%81%E0%B8%B5%E0%B9%8A%E0%B8%A2%E0%B8%A7%E0%B8%9B%E0%B8%B9/data=!4m7!3m6!1s0x313c399c7912b0fd:0xe2db73d441d4a501!8m2!3d16.9445922!4d104.7268801!16s%2Fg%2F11sm9yt34p!19sChIJ_bASeZw5PDERAaXUQdRz2-I?authuser=0&hl=en&rclk=1,ธนพรบะหมี่เกี๊ยวปู,,,Chinese,·,WPVG+GV5,,Dine-in,·,Takeaway
https://www.google.com/maps/place/A-List+Coffee%26Tea+Cheese/data=!4m7!3m6!1s0x313c396d4684153d:0xee04e58a0048b18b!8m2!3d16.9456223!4d104.7209062!16s%2Fg%2F11hzqg6hr0!19sChIJPRWERm05PDERi7FIAIrlBO4?authuser=0&hl=en&rclk=1,A-List Coffee&Tea Cheese,4.7,(56),Restaurant,·,2030,https://lh5.googleusercontent.com/p/AF1QipNvLZiPFaNieZlaVmuN6TUW6nGSKoPyExgfnwBy=w163-h92-k-no,Dine-in,·,Takeaway
"https://www.google.com/maps/place/Solae+Restaurant,+That+Phanom+Town:+Thai+food,+Thai+beer,+%26+Thai+live+music+!/data=!4m7!3m6!1s0x313c39dde96c1bd3:0x288acf5d04be827e!8m2!3d16.946194!4d104.727758!16s%2Fg%2F11crzg5vmf!19sChIJ0xts6d05PDERfoK-BF3Piig?authuser=0&hl=en&rclk=1","Solae Restaurant, That Phanom Town: Thai food, Thai beer, & Thai live music !",4.3,(127),Restaurant,·,55 ม.2,https://lh5.googleusercontent.com/p/AF1QipNQ64rnHlZ-57hgbfzk9nJxImi1lltxMrJfBzad=w122-h92-k-no,Dine-in,·,Takeaway
https://www.google.com/maps/place/%E0%B8%A3%E0%B9%89%E0%B8%B2%E0%B8%99%E0%B8%82%E0%B9%89%E0%B8%B2%E0%B8%A7%E0%B9%81%E0%B8%81%E0%B8%87%E0%B8%A3%E0%B8%B4%E0%B8%A1%E0%B8%9A%E0%B8%B6%E0%B8%87/data=!4m7!3m6!1s0x313c395bda820c21:0xbf880c98189e21f3!8m2!3d16.9456709!4d104.7275192!16s%2Fg%2F11fd4k_j15!19sChIJIQyC2ls5PDER8yGeGJgMiL8?authuser=0&hl=en&rclk=1,ร้านข้าวแกงริมบึง,4.8,(11),Restaurant,·,Unnamed Road,https://lh5.googleusercontent.com/p/AF1QipPeuk4Serl9C8mCsY3PsyL0DUpuSgbYUphATZq9=w80-h106-k-no,Dine-in,·,Takeaway
https://www.google.com/maps/place/%E0%B8%98%E0%B8%99%E0%B8%9E%E0%B8%A3%E0%B8%9A%E0%B8%B0%E0%B8%AB%E0%B8%A1%E0%B8%B5%E0%B9%88%E0%B9%80%E0%B8%81%E0%B8%B5%E0%B9%8A%E0%B8%A2%E0%B8%A7%E0%B8%9B%E0%B8%B9/data=!4m7!3m6!1s0x313c399c7912b0fd:0xe2db73d441d4a501!8m2!3d16.9445922!4d104.7268801!16s%2Fg%2F11sm9yt34p!19sChIJ_bASeZw5PDERAaXUQdRz2-I?authuser=0&hl=en&rclk=1,ธนพรบะหมี่เกี๊ยวปู,,,Chinese,·,WPVG+GV5,https://lh5.googleusercontent.com/p/AF1QipPoqhxJezhtZYTzD5BIa2M-CQ2aFba5N0FQgVq5=w163-h92-k-no,Dine-in,·,Takeaway
https://www.google.com/maps/place/Mong+L%E0%B8%A5%E0%B8%A2%E0%B9%8C/data=!4m7!3m6!1s0x313c3929016d96cf:0x11c52da3c331f875!8m2!3d16.9475694!4d104.729596!16s%2Fg%2F11tjl519d5!19sChIJz5ZtASk5PDERdfgxw6MtxRE?authuser=0&hl=en&rclk=1,Mong Lลย์,4.5,(2),Buffet,·,WPXH+2VC,https://lh5.googleusercontent.com/p/AF1QipMH20oTPnRLbjeqCJTSR6w8Fl9hR6DpvHa3k4f_=w122-h92-k-no,Dine-in,·,Takeaway
https://www.google.com/maps/place/%E0%B8%A3%E0%B9%89%E0%B8%B2%E0%B8%99%E0%B8%AD%E0%B8%B2%E0%B8%AB%E0%B8%B2%E0%B8%A3%E0%B9%80%E0%B8%88+%E0%B8%98%E0%B8%B2%E0%B8%95%E0%B8%B8%E0%B8%9E%E0%B8%99%E0%B8%A1/data=!4m7!3m6!1s0x313c397b7b20dbbb:0x61799fc84feecf34!8m2!3d16.9422839!4d104.7279809!16s%2Fg%2F11jssv53dw!19sChIJu9sge3s5PDERNM_uT8ifeWE?authuser=0&hl=en&rclk=1,ร้านอาหารเจ ธาตุพนม,5.0,(2),Restaurant,·,215 ม.1 ถนน พนมพนารักษ์,https://lh5.googleusercontent.com/p/AF1QipOPY6i7KA-YPVWj103RER8XiZO-_pPG6fe5v_Y8=w122-h92-k-no,Dine-in,·,Takeaway
https://www.google.com/maps/place/%E0%B8%84%E0%B8%A3%E0%B8%B1%E0%B8%A7%E0%B8%95%E0%B8%B8%E0%B9%8A%E0%B8%94%E0%B8%95%E0%B8%B9%E0%B9%88+%E0%B8%98%E0%B8%B2%E0%B8%95%E0%B8%B8%E0%B8%9E%E0%B8%99%E0%B8%A1/data=!4m7!3m6!1s0x313c377c89f67f5b:0x2f0ac0f48d26c85f!8m2!3d16.9349144!4d104.7142474!16s%2Fg%2F11f2xmj6gk!19sChIJW3_2iXw3PDERX8gmjfTACi8?authuser=0&hl=en&rclk=1,ครัวตุ๊ดตู่ ธาตุพนม,4.2,(35),Restaurant,·,WPM7+XM9,https://lh5.googleusercontent.com/p/AF1QipP--la89zVHNxOBNwMxAxS6CTmkrnJrzBJOY7XP=w122-h92-k-no,Dine-in,·,Takeaway
"https://www.google.com/maps/place/Vika+Shop,+Vipha+Restaurant+for+Famous+Pad.Thai/data=!4m7!3m6!1s0x313c39de305cff67:0xfc92ec45dad664a9!8m2!3d16.9421324!4d104.7278592!16s%2Fg%2F11ggs27ght!19sChIJZ_9cMN45PDERqWTW2kXskvw?authuser=0&hl=en&rclk=1","Vika Shop, Vipha Restaurant for Famous Pad.Thai",4.9,(353),Restaurant,·,40 หมู่ 1 ถนน พนมพนารักษ์,https://lh5.googleusercontent.com/p/AF1QipNvtTcdWbR2Wb9LVFKinZWZbwH62DalThowyYGk=w80-h106-k-no,Dine-in,·,Takeaway
https://www.google.com/maps/place/D+DAY+BAR/data=!4m7!3m6!1s0x313c39335179612b:0x7ac38bd32c284324!8m2!3d16.9518466!4d104.7228034!16s%2Fg%2F11mn0g1_vh!19sChIJK2F5UTM5PDERJEMoLNOLw3o?authuser=0&hl=en&rclk=1,D DAY BAR,5.0,(1),Restaurant,·,เลขที่ 288,https://streetviewpixels-pa.googleapis.com/v1/thumbnail?panoid=TDwwBuhrN_RJyjZDA6APHw&cb_client=search.gws-prod.gps&w=80&h=92&yaw=104.6895&pitch=0&thumbfov=100,Dine-in,·,Takeaway
https://www.google.com/maps/place/%E0%B9%82%E0%B8%88%E0%B9%8A%E0%B8%81+%E0%B8%9C%E0%B8%B1%E0%B8%94%E0%B9%84%E0%B8%97%E0%B8%95%E0%B8%B6%E0%B8%81%E0%B9%80%E0%B8%AB%E0%B8%A5%E0%B8%B7%E0%B8%AD%E0%B8%87/data=!4m7!3m6!1s0x313c39c392cf336d:0xb4b86da4b7e63def!8m2!3d16.943019!4d104.7279876!16s%2Fg%2F11s4d0lg8d!19sChIJbTPPksM5PDER7z3mt6RtuLQ?authuser=0&hl=en&rclk=1,โจ๊ก ผัดไทตึกเหลือง,3.1,(16),Thai,·,WPVH+655,https://lh5.googleusercontent.com/p/AF1QipPe52rQ_6OilzP2Ni6BWY92yjlipPseqovMb-6a=w122-h92-k-no,Dine-in,·,Takeaway
https://www.google.com/maps/place/Sister+Cafe/data=!4m7!3m6!1s0x313c39df530c78d1:0xf8dccc7d508267b6!8m2!3d16.9393779!4d104.7230512!16s%2Fg%2F11c2q_dc8f!19sChIJ0XgMU985PDERtmeCUH3M3Pg?authuser=0&hl=en&rclk=1,Sister Cafe,4.3,(68),Restaurant,·,·,https://lh5.googleusercontent.com/p/AF1QipN0xjvAZl6JjJgbuQeY7tWangB57N-OAPLKUXry=w138-h92-k-no,Dine-in,·,Takeaway
https://www.google.com/maps/place/%E0%B8%81%E0%B9%8B%E0%B8%A7%E0%B8%A2%E0%B9%80%E0%B8%95%E0%B8%B5%E0%B9%8B%E0%B8%A2%E0%B8%A7%E0%B9%80%E0%B8%9B%E0%B9%87%E0%B8%94%E0%B8%98%E0%B8%B2%E0%B8%95%E0%B8%B8%E0%B8%9E%E0%B8%99%E0%B8%A1%28%E0%B8%A2%E0%B8%B2%E0%B8%A2%E0%B8%99%E0%B9%89%E0%B8%AD%E0%B8%A2%29/data=!4m7!3m6!1s0x313c39b3ca357ccd:0x8ddb0d6bbaadb815!8m2!3d16.9472793!4d104.7282471!16s%2Fg%2F11fj_xnkqb!19sChIJzXw1yrM5PDERFbitumsN240?authuser=0&hl=en&rclk=1,ก๋วยเตี๋ยวเป็ดธาตุพนม(ยายน้อย),4.3,(19),Restaurant,·,273,https://lh5.googleusercontent.com/p/AF1QipPD8R6ieXnY2fIPALGHOSOS_LRXdso9GilH67lw=w122-h92-k-no,Dine-in,·,Takeaway
https://www.google.com/maps/place/Chum+Chim+Phochana/data=!4m7!3m6!1s0x313c39dc5ca13b15:0xf92ebc4bb4d1536d!8m2!3d16.946817!4d104.724736!16s%2Fg%2F1hdzccg4y!19sChIJFTuhXNw5PDERbVPRtEu8Lvk?authuser=0&hl=en&rclk=1,Chum Chim Phochana,3.5,(11),Restaurant,·,"WPWF+PVH, ทางหลวงแผ่นดินหมายเลข 212",https://lh5.googleusercontent.com/p/AF1QipMqo0g9J8hdetV42YkPghHu-NDyh5vztO7KLExs=w122-h92-k-no,Dine-in,·,Takeaway
https://www.google.com/maps/place/%E0%B8%A5%E0%B8%B5%E0%B9%80%E0%B8%95%E0%B8%B5%E0%B8%A2%E0%B8%87+%E0%B9%84%E0%B8%81%E0%B9%88%E0%B8%95%E0%B8%AD%E0%B8%99+%E0%B8%98%E0%B8%B2%E0%B8%95%E0%B8%B8%E0%B8%9E%E0%B8%99%E0%B8%A1/data=!4m7!3m6!1s0x313c39005c39281b:0x94c60dd4f267b8f8!8m2!3d16.9402349!4d104.7243969!16s%2Fg%2F11lcfpf0sv!19sChIJGyg5XAA5PDER-Lhn8tQNxpQ?authuser=0&hl=en&rclk=1,ลีเตียง ไก่ตอน ธาตุพนม,5.0,(2),Restaurant,·,WPRF+3QR,https://lh5.googleusercontent.com/p/AF1QipMA9k-ctphwg4p-wvi6RIrWSMZVzg9Tf6Tt7eF2=w80-h106-k-no,Takeaway,,
"https://www.google.com/maps/place/Chomkhong+Riverview+Restaurant:+Good+Food,+Great+View/data=!4m7!3m6!1s0x313c375ffc3f4559:0x91ba1ad860f4a0db!8m2!3d16.9380725!4d104.7290142!16s%2Fg%2F11dz3x7r0s!19sChIJWUU__F83PDER26D0YNgaupE?authuser=0&hl=en&rclk=1","Chomkhong Riverview Restaurant: Good Food, Great View",4.1,(98),Restaurant,·,WPQH+6JC Unnamed Road,,Dine-in,·,Takeaway
https://www.google.com/maps/place/%E0%B8%A3%E0%B9%89%E0%B8%B2%E0%B8%99%E0%B8%82%E0%B9%89%E0%B8%B2%E0%B8%A7%E0%B8%95%E0%B9%89%E0%B8%A1%E0%B8%96%E0%B8%B9%E0%B8%81%E0%B9%83%E0%B8%88+%E0%B8%93+%E0%B8%98%E0%B8%B2%E0%B8%95%E0%B8%B8%E0%B8%9E%E0%B8%99%E0%B8%A1/data=!4m7!3m6!1s0x313c39b4b5b46e6f:0xc95fa36fd0cdbab3!8m2!3d16.9389149!4d104.7230562!16s%2Fg%2F11n0jynhcn!19sChIJb260tbQ5PDERs7rN0G-jX8k?authuser=0&hl=en&rclk=1,ร้านข้าวต้มถูกใจ ณ ธาตุพนม,4.5,(20),Restaurant,·,11 หมู่10,https://lh5.googleusercontent.com/p/AF1QipMp6ei7D9d9XluR-FzHqIZ2u2IVTEU1l622CC47=w122-h92-k-no,Dine-in,·,Drive-through
https://www.google.com/maps/place/%E0%B8%AA%E0%B8%A7%E0%B8%99%E0%B8%A3%E0%B8%B4%E0%B8%A1%E0%B9%80%E0%B8%82%E0%B8%B7%E0%B9%88%E0%B8%AD%E0%B8%99/data=!4m7!3m6!1s0x313c37bf7db58eeb:0xca74fa4d13da0d0a!8m2!3d16.9314417!4d104.719745!16s%2Fg%2F11ll3mpwp1!19sChIJ6461fb83PDERCg3aE036dMo?authuser=0&hl=en&rclk=1,สวนริมเขื่อน,3.0,(2),Restaurant,·,วัดเกาะแก้วอัมพวัน,https://lh5.googleusercontent.com/p/AF1QipNB4vpyffjEKpXm2eWcg1r1Reg7Bhkvbu7zNlnX=w80-h106-k-no,Dine-in,·,Takeaway
https://www.google.com/maps/place/%E0%B9%80%E0%B8%A1%E0%B8%98%E0%B8%B2%E0%B8%9F%E0%B8%B2%E0%B8%A3%E0%B9%8C%E0%B8%A1%E0%B8%9B%E0%B8%A5%E0%B8%B2/data=!4m7!3m6!1s0x313c37c92e7be13b:0x50691e6bfe9ba125!8m2!3d16.9211466!4d104.6920128!16s%2Fg%2F11qg27tc39!19sChIJO-F7Lsk3PDERJaGb_mseaVA?authuser=0&hl=en&rclk=1,เมธาฟาร์มปลา,5.0,(1),Restaurant,·,WMCR+FR2 บ้านโพธิ์ตะนัง,https://streetviewpixels-pa.googleapis.com/v1/thumbnail?panoid=AlS3YvboOki_Nvl5yxg76Q&cb_client=search.gws-prod.gps&w=80&h=92&yaw=204.9525&pitch=0&thumbfov=100,Dine-in,·,Takeaway
"https://www.google.com/maps/place/Chomkhong+Riverview+Restaurant:+Good+Food,+Great+View/data=!4m7!3m6!1s0x313c375ffc3f4559:0x91ba1ad860f4a0db!8m2!3d16.9380725!4d104.7290142!16s%2Fg%2F11dz3x7r0s!19sChIJWUU__F83PDER26D0YNgaupE?authuser=0&hl=en&rclk=1","Chomkhong Riverview Restaurant: Good Food, Great View",4.1,(98),Restaurant,·,WPQH+6JC Unnamed Road,https://lh5.googleusercontent.com/p/AF1QipPe93us-O1UdGjOMsvjMg33loKqQLmyMWmLW6wp=w122-h92-k-no,Dine-in,·,Takeaway
https://www.google.com/maps/place/%E0%B8%A3%E0%B9%89%E0%B8%B2%E0%B8%99%E0%B8%AD%E0%B8%B2%E0%B8%AB%E0%B8%B2%E0%B8%A3%E0%B8%95%E0%B8%B2%E0%B8%A1%E0%B8%AA%E0%B8%B1%E0%B9%88%E0%B8%87/data=!4m7!3m6!1s0x313c39006644919d:0x284154bf13c00a3b!8m2!3d16.9485383!4d104.7251806!16s%2Fg%2F11vxyc1r3q!19sChIJnZFEZgA5PDEROwrAE79UQSg?authuser=0&hl=en&rclk=1,ร้านอาหารตามสั่ง,5.0,(1),Restaurant,·,WPXG+C37 356,https://lh5.googleusercontent.com/p/AF1QipMYG_1DOVvRN_unp0eb6yWviEMBFfFMw6Q9hQ5g=w80-h106-k-no,Dine-in,·,Takeaway
https://www.google.com/maps/place/%E0%B9%81%E0%B8%88%E0%B9%88%E0%B8%A7%E0%B8%AE%E0%B9%89%E0%B8%AD%E0%B8%99+%26+%E0%B8%AD%E0%B8%A2%E0%B9%88%E0%B8%B2%E0%B8%87%E0%B9%80%E0%B8%99%E0%B8%A2+%E0%B8%AD%E0%B8%99%E0%B8%AD%E0%B8%B1%E0%B8%A7/data=!4m7!3m6!1s0x313c392e39973f67:0xce385299035dfe10!8m2!3d16.9503283!4d104.726233!16s%2Fg%2F11jzdv7qjg!19sChIJZz-XOS45PDEREP5dA5lSOM4?authuser=0&hl=en&rclk=1,แจ่วฮ้อน & อย่างเนย อนอัว,5.0,(2),Restaurant,·,79,https://lh5.googleusercontent.com/p/AF1QipMYGrbPsCKYschmemkgTHEDaX9sqv0CcYt1eOIQ=w122-h92-k-no,Dine-in,·,Drive-through
https://www.google.com/maps/place/%E0%B8%AA%E0%B8%B8%E0%B8%81%E0%B8%B5%E0%B9%89%E0%B8%AA%E0%B8%B6%E0%B8%99%E0%B8%B2%E0%B8%A1%E0%B8%B4+%E0%B8%AA%E0%B8%B2%E0%B8%82%E0%B8%B2%E0%B8%98%E0%B8%B2%E0%B8%95%E0%B8%B8%E0%B8%9E%E0%B8%99%E0%B8%A1/data=!4m7!3m6!1s0x313c39005df61261:0x2b464595752d489!8m2!3d16.941815!4d104.728047!16s%2Fg%2F11vszyqc5j!19sChIJYRL2XQA5PDERidRSV1lktAI?authuser=0&hl=en&rclk=1,สุกี้สึนามิ สาขาธาตุพนม,4.8,(5),Chinese,·,125 ม.1 ถนน พนมพนารักษ์,https://lh5.googleusercontent.com/p/AF1QipNDl3loROrvMUnLj_RSmwoqAKYLtDlaToM2Q03Y=w80-h106-k-no,Dine-in,·,Takeaway
https://www.google.com/maps/place/Mae+Nom%27s+Kitchen/data=!4m7!3m6!1s0x313c39e3ef60379b:0x112fab02f886023f!8m2!3d16.9531003!4d104.7255392!16s%2Fg%2F11nyz8hyh7!19sChIJmzdg7-M5PDERPwKG-AKrLxE?authuser=0&hl=en&rclk=1,Mae Nom's Kitchen,4.4,(12),Restaurant,·,·,https://lh5.googleusercontent.com/p/AF1QipP0U-qhtXEjLDnmdUSGv8csA70GDuT2yc4Bt-6d=w122-h92-k-no,Dine-in,·,Kerbside pickup
"https://www.google.com/maps/place/Sweet+Home+Restaurant,+That+Phanom+Town/data=!4m7!3m6!1s0x313c37ecb5680fd1:0xb8ce611e40cab124!8m2!3d16.9262088!4d104.6819771!16s%2Fg%2F11b6y2hflw!19sChIJ0Q9otew3PDERJLHKQB5hzrg?authuser=0&hl=en&rclk=1","Sweet Home Restaurant, That Phanom Town",4.2,(202),Restaurant,·,·,https://lh5.googleusercontent.com/p/AF1QipO2ZGLVzOFs_ZbRzAXUnCjio6gsjQKfrbLYCLZE=w122-h92-k-no,Dine-in,·,Takeaway
https://www.google.com/maps/place/Fad+Rim+Khong+Restaurant/data=!4m7!3m6!1s0x313c39dceae95555:0xf267115a6ffbe461!8m2!3d16.9400648!4d104.7291664!16s%2Fg%2F11ckvflj4d!19sChIJVVXp6tw5PDERYeT7b1oRZ_I?authuser=0&hl=en&rclk=1,Fad Rim Khong Restaurant,3.7,(57),Restaurant,,,https://lh5.googleusercontent.com/p/AF1QipPCvhT4rmOV5QZAUiFyY5E7dA4Dbnx7Yjpwp4wM=w163-h92-k-no,Dine-in,·,Takeaway
https://www.google.com/maps/place/%E0%B8%A3%E0%B9%89%E0%B8%B2%E0%B8%99%E0%B9%84%E0%B8%AA%E0%B9%89%E0%B8%AB%E0%B8%A1%E0%B8%B9+%E0%B8%AA%E0%B8%B9%E0%B9%89%E0%B9%84%E0%B8%AB%E0%B8%A1/data=!4m7!3m6!1s0x313c39f82b1dfe7d:0x8bc067a50af79b59!8m2!3d16.9468933!4d104.7126869!16s%2Fg%2F11ssqd6pf1!19sChIJff4dK_g5PDERWZv3CqVnwIs?authuser=0&hl=en&rclk=1,ร้านไส้หมู สู้ไหม,5.0,(5),Restaurant,·,·,https://lh5.googleusercontent.com/p/AF1QipOkZrd4dakRw7oRuyOBoXq9633UeMTfvsiyWbeY=w122-h92-k-no,Dine-in,·,Drive-through
https://www.google.com/maps/place/%E0%B8%AD%E0%B8%A3%E0%B9%88%E0%B8%B2%E0%B8%A1%E0%B8%81%E0%B8%B8%E0%B9%89%E0%B8%87%E0%B9%80%E0%B8%9C%E0%B8%B2/data=!4m7!3m6!1s0x313c37947682b9db:0xb33b73ecd21523ef!8m2!3d16.9241695!4d104.686109!16s%2Fg%2F1hm2229c6!19sChIJ27mCdpQ3PDER7yMV0uxzO7M?authuser=0&hl=en&rclk=1,อร่ามกุ้งเผา,4.3,(4),Restaurant,·,WMFP+MC9,https://lh5.googleusercontent.com/p/AF1QipMqPgn8PReRBiTGi1e8d_iIS-gjthZzskl8Z_mO=w80-h106-k-no,Dine-in,·,Takeaway
https://www.google.com/maps/place/The+terminal/data=!4m7!3m6!1s0x313c39dcf81e8cb5:0xd6b94aeb197a8007!8m2!3d16.9475899!4d104.7251401!16s%2Fg%2F11f03y414r!19sChIJtYwe-Nw5PDERB4B6GetKudY?authuser=0&hl=en&rclk=1,The terminal,4.3,(32),Restaurant,·,·,https://lh5.googleusercontent.com/p/AF1QipNpALfbaqBLqJ4JYaJwWOkfRvEHWsdm-CrA6Yvn=w138-h92-k-no,Dine-in,·,Takeaway
https://www.google.com/maps/place/%E0%B8%A3%E0%B9%89%E0%B8%B2%E0%B8%99%E0%B8%AA%E0%B9%89%E0%B8%A1%E0%B8%95%E0%B8%B3%E0%B8%84%E0%B8%B1%E0%B8%81%E0%B9%81%E0%B8%AE%E0%B8%87%E0%B9%81%E0%B8%A5%E0%B8%B0%E0%B8%A3%E0%B9%89%E0%B8%B2%E0%B8%99%E0%B8%82%E0%B8%99%E0%B8%A1%E0%B8%88%E0%B8%B5%E0%B8%99%E0%B8%99%E0%B9%89%E0%B8%AD%E0%B8%87%E0%B8%8A%E0%B8%B9%E0%B9%83%E0%B8%88/data=!4m7!3m6!1s0x313c378b8620a5ff:0xa4491f4d7e73410b!8m2!3d16.9223725!4d104.6806599!16s%2Fg%2F11kxmhbd15!19sChIJ_6Ughos3PDERC0Fzfk0fSaQ?authuser=0&hl=en&rclk=1,ร้านส้มตำคักแฮงและร้านขนมจีนน้องชูใจ,5.0,(7),Restaurant,·,Chayangkun Rd,https://lh5.googleusercontent.com/p/AF1QipM_1JOfmn-qr6umrEI6ndi_Vh9d9aUYqhCskG8S=w122-h92-k-no,Dine-in,·,Kerbside pickup
https://www.google.com/maps/place/%E0%B8%88%E0%B9%89%E0%B8%A7%E0%B8%94%E0%B8%88%E0%B9%89%E0%B8%B2%E0%B8%94+%E0%B8%84%E0%B8%B1%E0%B8%99%E0%B8%97%E0%B8%A3%E0%B8%B5%E0%B9%88%E0%B9%80%E0%B8%A3%E0%B8%AA%E0%B9%80%E0%B8%95%E0%B8%AD%E0%B8%A3%E0%B8%AD%E0%B8%87/data=!4m7!3m6!1s0x313c37070a4b188b:0x2678e16665b06482!8m2!3d16.9377085!4d104.6937678!16s%2Fg%2F11h9bgn__6!19sChIJixhLCgc3PDERgmSwZWbheCY?authuser=0&hl=en&rclk=1,จ้วดจ้าด คันทรี่เรสเตอรอง,4.6,(33),Restaurant,·,Unnamed Road,https://lh5.googleusercontent.com/p/AF1QipNtj5FcAPQr3ddZDmPVrVNbXGaW9IqZelgTJVho=w122-h92-k-no,Dine-in,·,Drive-through
https://www.google.com/maps/place/%E0%B9%81%E0%B8%9E%E0%B8%AA%E0%B8%AD%E0%B8%87%E0%B8%9E%E0%B8%B5%E0%B9%88%E0%B8%99%E0%B9%89%E0%B8%AD%E0%B8%87+%E0%B8%A5%E0%B9%88%E0%B8%AD%E0%B8%87%E0%B9%81%E0%B8%9E%E0%B8%9A%E0%B9%89%E0%B8%B2%E0%B8%99%E0%B8%9D%E0%B8%B1%E0%B9%88%E0%B8%87%E0%B9%81%E0%B8%94%E0%B8%87/data=!4m7!3m6!1s0x313c37b3fc22662d:0x72953dd5103fc342!8m2!3d16.9391085!4d104.6737284!16s%2Fg%2F11nycft7d3!19sChIJLWYi_LM3PDERQsM_ENU9lXI?authuser=0&hl=en&rclk=1,แพสองพี่น้อง ล่องแพบ้านฝั่งแดง,5.0,(1),Restaurant,·,103,https://lh5.googleusercontent.com/p/AF1QipMVw_5oHWyWRqln76Ng5OQrjxBgxydc0DnfXA9_=w122-h92-k-no,Dine-in,·,No delivery
https://www.google.com/maps/place/%E0%B8%82%E0%B9%89%E0%B8%B2%E0%B8%A7%E0%B9%80%E0%B8%9B%E0%B8%B5%E0%B8%A2%E0%B8%81%E0%B9%80%E0%B8%AA%E0%B9%89%E0%B8%99%E0%B9%81%E0%B8%A1%E0%B9%88%E0%B8%99%E0%B8%B4%E0%B8%94/data=!4m7!3m6!1s0x313c372b53cfddef:0x35915fb79e21402!8m2!3d16.935258!4d104.721278!16s%2Fg%2F11h6d5nhwh!19sChIJ793PUys3PDERAhTiefsVWQM?authuser=0&hl=en&rclk=1,ข้าวเปียกเส้นแม่นิด,4.7,(39),Restaurant,·,WPPC+4G2 Unnamed Road,https://lh5.googleusercontent.com/p/AF1QipMJYG6sDVPgJt5tVAG5-v85619SwLJLXR_HBOL6=w80-h106-k-no,Dine-in,·,Takeaway
"https://www.google.com/maps/place/%E0%B8%A5%E0%B9%88%E0%B8%AD%E0%B8%87%E0%B9%81%E0%B8%9E%E0%B8%81%E0%B8%B1%E0%B8%93,%E0%B8%81%E0%B8%B8%E0%B8%A5+@%E0%B8%94%E0%B8%87%E0%B8%84%E0%B8%A3%E0%B8%B2%E0%B8%A1/data=!4m7!3m6!1s0x313c37df86b6b8f5:0x23ad84cf2d2bd4a3!8m2!3d16.9386187!4d104.6859554!16s%2Fg%2F11jmwh63_z!19sChIJ9bi2ht83PDERo9QrLc-ErSM?authuser=0&hl=en&rclk=1","ล่องแพกัณ,กุล @ดงคราม",4.4,(5),Restaurant,·,ดวคราม,https://lh5.googleusercontent.com/p/AF1QipM5EUN7X4NQt9ePIgNcJ9iqBnxiQpigdCLefprm=w122-h92-k-no,Dine-in,·,Takeaway
https://www.google.com/maps/place/That+Phanom+Phochana/data=!4m7!3m6!1s0x313c39de165e145d:0x5d4da876d0d6fb82!8m2!3d16.9430848!4d104.7277924!16s%2Fg%2F1hdzfjq_1!19sChIJXRReFt45PDERgvvW0HaoTV0?authuser=0&hl=en&rclk=1,That Phanom Phochana,4.2,(96),Restaurant,·,30 ถนน พนมพนารักษ์,https://lh5.googleusercontent.com/p/AF1QipPHb1nFgAHL-B065Yxxe8olRLIscC1ZjMaoE7Sp=w122-h92-k-no,Dine-in,·,Takeaway
https://www.google.com/maps/place/%E0%B9%80%E0%B8%AD%E0%B8%B7%E0%B9%89%E0%B8%AD%E0%B8%87%E0%B8%84%E0%B8%B3/data=!4m7!3m6!1s0x313c39e74e49b41b:0xde5da767406a8b78!8m2!3d16.9446735!4d104.7293548!16s%2Fg%2F11bxdrpvtn!19sChIJG7RJTuc5PDEReItqQGenXd4?authuser=0&hl=en&rclk=1,เอื้องคำ,3.7,(232),Restaurant,·,WPVH+VP9,https://lh5.googleusercontent.com/p/AF1QipPqYuWlp9F3lSf2hytZPyY8ReuOjgSaoGS1bglY=w153-h92-k-no,Dine-in,·,Takeaway
https://www.google.com/maps/place/%E0%B8%81%E0%B9%8B%E0%B8%A7%E0%B8%A2%E0%B9%80%E0%B8%95%E0%B8%B5%E0%B9%8B%E0%B8%A2%E0%B8%A7%E0%B8%81%E0%B8%A5%E0%B8%B2%E0%B8%87%E0%B8%8B%E0%B8%AD%E0%B8%A2+%E0%B8%98%E0%B8%B2%E0%B8%95%E0%B8%B8%E0%B8%9E%E0%B8%99%E0%B8%A1/data=!4m7!3m6!1s0x313c39c210775037:0x38a085459831360d!8m2!3d16.9551988!4d104.727916!16s%2Fg%2F11bt_n941m!19sChIJN1B3EMI5PDERDTYxmEWFoDg?authuser=0&hl=en&rclk=1,ก๋วยเตี๋ยวกลางซอย ธาตุพนม,4.4,(175),Restaurant,·,XP4H+35F,https://lh5.googleusercontent.com/p/AF1QipOqooIQ9shMbAbHuZ5lR_YEL6RWt-XIRi4zMHJC=w80-h106-k-no,Dine-in,·,Takeaway
https://www.google.com/maps/place/N%26A+KEBAB+%E0%B8%AA%E0%B8%B2%E0%B8%82%E0%B8%B2+%E0%B8%98%E0%B8%B2%E0%B8%95%E0%B8%B8%E0%B8%9E%E0%B8%99%E0%B8%A1/data=!4m7!3m6!1s0x313c3931009036bf:0x90c5f71d2068ff3c!8m2!3d16.9443331!4d104.7256726!16s%2Fg%2F11y1kww8tt!19sChIJvzaQADE5PDERPP9oIB33xZA?authuser=0&hl=en&rclk=1,N&A KEBAB สาขา ธาตุพนม,,,Restaurant,·,WPVG+Q8F,https://lh5.googleusercontent.com/p/AF1QipOMmA93In7RjJ9dzXVq_ndbR_sLIEBMIATEtphs=w80-h106-k-no,Dine-in,·,Kerbside pickup
https://www.google.com/maps/place/%E0%B8%82%E0%B9%89%E0%B8%B2%E0%B8%A7%E0%B9%80%E0%B8%9B%E0%B8%B5%E0%B8%A2%E0%B8%81%E0%B8%99%E0%B9%89%E0%B8%B3/data=!4m7!3m6!1s0x313c390a05fd1133:0xb6d8d619e839d5cd!8m2!3d16.9469043!4d104.729602!16s%2Fg%2F11nwb4vny6!19sChIJMxH9BQo5PDERzdU56BnW2LY?authuser=0&hl=en&rclk=1,ข้าวเปียกน้ำ,5.0,(2),Fast Food,·,98 หมู่ 2,https://lh5.googleusercontent.com/p/AF1QipNAHuU5_gJszhxnfvQZjl0AGBYGlTPuP6OphZlV=w80-h92-k-no,Dine-in,·,Kerbside pickup
https://www.google.com/maps/place/%E0%B8%AD%E0%B8%B4%E0%B8%99%E0%B8%94%E0%B8%B5%E0%B9%89+%E0%B8%84%E0%B8%B2%E0%B9%80%E0%B8%9F%E0%B9%88+%28Indie+Cafe%27%29/data=!4m7!3m6!1s0x313c39df5e1ba849:0xa17cdb50d8b2c9c6!8m2!3d16.9392169!4d104.7243622!16s%2Fg%2F11fylz0mf5!19sChIJSagbXt85PDERxsmy2FDbfKE?authuser=0&hl=en&rclk=1,อินดี้ คาเฟ่ (Indie Cafe'),4.4,(27),Restaurant,·,"WPQF+MPQ, Highway 212",https://lh5.googleusercontent.com/p/AF1QipMvudoD0GLt4lnN9f8Cq2gi0L_rHh_fk4rj_V8o=w122-h92-k-no,Dine-in,·,Takeaway
https://www.google.com/maps/place/%E0%B8%A3%E0%B9%89%E0%B8%B2%E0%B8%99+%E0%B9%82%E0%B8%81%E0%B8%AD%E0%B8%AD%E0%B8%A3%E0%B9%8C%E0%B9%84%E0%B8%99%E0%B8%97%E0%B9%8C/data=!4m7!3m6!1s0x313c377eed4108d9:0x4d972cef716ec46b!8m2!3d16.9519169!4d104.7252092!16s%2Fg%2F1hc3b3khc!19sChIJ2QhB7X43PDERa8Ruce8sl00?authuser=0&hl=en&rclk=1,ร้าน โกออร์ไนท์,,,Restaurant,·,419 Chayangkun Rd,https://streetviewpixels-pa.googleapis.com/v1/thumbnail?panoid=vmz0ZEEqhPjgqkIqgPjStQ&cb_client=search.gws-prod.gps&w=80&h=92&yaw=112.14815&pitch=0&thumbfov=100,Dine-in,·,Takeaway
https://www.google.com/maps/place/%E0%B8%82%E0%B9%89%E0%B8%B2%E0%B8%A7%E0%B9%80%E0%B8%9B%E0%B8%B5%E0%B8%A2%E0%B8%81%E0%B8%94%E0%B8%B4%E0%B9%88%E0%B8%87%E0%B8%94%E0%B9%88%E0%B8%AD%E0%B8%87/data=!4m7!3m6!1s0x313c39c1323d87af:0x17c7a512f2e2d72f!8m2!3d16.9411611!4d104.7282125!16s%2Fg%2F11rlv7t82d!19sChIJr4c9MsE5PDERL9fi8hKlxxc?authuser=0&hl=en&rclk=1,ข้าวเปียกดิ่งด่อง,5.0,(4),Restaurant,·,16 ถนน พนมพนารักษ์,https://lh5.googleusercontent.com/p/AF1QipOlCa1h6FoHIoTtN-LSDwkBddzTEOan7adP3Ir6=w80-h106-k-no,Dine-in,·,Takeaway
https://www.google.com/maps/place/%E0%B8%99%E0%B8%B2%E0%B8%99%E0%B8%B2%E0%B8%81%E0%B8%A5%E0%B8%B2%E0%B8%87%E0%B8%97%E0%B8%B8%E0%B9%88%E0%B8%87/data=!4m7!3m6!1s0x313c374e568fd135:0x25969bf24f8da34d!8m2!3d16.9207398!4d104.6932523!16s%2Fg%2F11stlpphmf!19sChIJNdGPVk43PDERTaONT_KbliU?authuser=0&hl=en&rclk=1,นานากลางทุ่ง,4.8,(6),Restaurant,·,WMCV+946,https://lh5.googleusercontent.com/p/AF1QipNk-_ez0aqX7VVdkrRsr4ZYAOSZCgwHDqjTv5Fv=w122-h92-k-no,Dine-in,·,Takeaway
https://www.google.com/maps/place/%E0%B8%9A%E0%B9%89%E0%B8%B2%E0%B8%99TommyThailand/data=!4m7!3m6!1s0x313c39d0547ff8c3:0x4989e15c5879b6a2!8m2!3d16.9438754!4d104.7155736!16s%2Fg%2F11mmf8m0py!19sChIJw_h_VNA5PDERorZ5WFzhiUk?authuser=0&hl=en&rclk=1,บ้านTommyThailand,,,Restaurant,·,WPV8+H64,https://lh5.googleusercontent.com/p/AF1QipO771r3Mk7E0gACfqszyqOuPZ0UsZ3gRARRZuq7=w122-h92-k-no,Dine-in,·,Takeaway
https://www.google.com/maps/place/%E0%B8%84%E0%B8%A3%E0%B8%B1%E0%B8%A7%E0%B8%84%E0%B8%B8%E0%B8%93%E0%B9%81%E0%B8%A7%E0%B8%A7/data=!4m7!3m6!1s0x313c3792d7078e0d:0xf8eec039bbb68369!8m2!3d16.9277011!4d104.6826897!16s%2Fg%2F11mgnz7_rm!19sChIJDY4H15I3PDERaYO2uznA7vg?authuser=0&hl=en&rclk=1,ครัวคุณแวว,,,Restaurant,,,https://streetviewpixels-pa.googleapis.com/v1/thumbnail?panoid=41lEDBlw8Ixc0iruatk9yg&cb_client=search.gws-prod.gps&w=80&h=92&yaw=274.85223&pitch=0&thumbfov=100,Dine-in,·,Takeaway
https://www.google.com/maps/place/Coffee+chill@steak/data=!4m7!3m6!1s0x313c39de2e095555:0x8977126bf71e8650!8m2!3d16.9418544!4d104.7280502!16s%2Fg%2F11c0tb3c_7!19sChIJVVUJLt45PDERUIYe92sSd4k?authuser=0&hl=en&rclk=1,Coffee chill@steak,4.2,(43),Restaurant,·,125 ม.1 ถนน พนมพนารักษ์,https://lh5.googleusercontent.com/p/AF1QipMdKPFALgUnyf1ZJ8_Ms1rzFLwPaCH448wydjzB=w122-h92-k-no,Dine-in,·,Takeaway
https://www.google.com/maps/place/%E0%B8%A5%E0%B8%B2%E0%B8%99-%E0%B8%A3%E0%B8%A1%E0%B8%93%E0%B9%8C+%E0%B9%81%E0%B8%AD%E0%B8%94%E0%B8%98%E0%B8%B2%E0%B8%95%E0%B8%B8%E0%B8%9E%E0%B8%99%E0%B8%A1/data=!4m7!3m6!1s0x313c39cecefb5f65:0x222cb2c127a3f514!8m2!3d16.9540047!4d104.7256822!16s%2Fg%2F11tjg9f7qz!19sChIJZV_7zs45PDERFPWjJ8GyLCI?authuser=0&hl=en&rclk=1,ลาน-รมณ์ แอดธาตุพนม,5.0,(3),Restaurant,·,Chayangkun Rd,https://lh5.googleusercontent.com/p/AF1QipPt7RtQxWVFs290YvY9iGAZf3moFYflk_JsBply=w80-h106-k-no,Dine-in,·,Drive-through
https://www.google.com/maps/place/%E0%B9%80%E0%B8%9E%E0%B9%87%E0%B8%8D%E0%B8%93%E0%B8%B5/data=!4m7!3m6!1s0x313c3980b930b64d:0xa026a630e7c7206c!8m2!3d16.9459206!4d104.7294407!16s%2Fg%2F11jn2m12gg!19sChIJTbYwuYA5PDERbCDH5zCmJqA?authuser=0&hl=en&rclk=1,เพ็ญณี,4.8,(4),Restaurant,·,ร้านส้มตำริมโขง ณ ธาตุพนม 243 ม.2,https://lh5.googleusercontent.com/p/AF1QipM5sb_a6R00bLzb0elSQDkiWQOtzyl28LJL0S_S=w122-h92-k-no,Dine-in,·,Kerbside pickup
https://www.google.com/maps/place/%E0%B8%A3%E0%B9%89%E0%B8%B2%E0%B8%99%E0%B8%AD%E0%B8%B2%E0%B8%AB%E0%B8%B2%E0%B8%A3%E0%B9%82%E0%B8%81%E0%B8%AD%E0%B8%AD%E0%B8%99%E0%B9%84%E0%B8%99%E0%B8%97%E0%B9%8C/data=!4m7!3m6!1s0x313c39df4623182f:0x85398f0d4862a372!8m2!3d16.9400816!4d104.724199!16s%2Fg%2F1hm2vt9x9!19sChIJLxgjRt85PDERcqNiSA2POYU?authuser=0&hl=en&rclk=1,ร้านอาหารโกออนไนท์,2.9,(19),Restaurant,·,292 212,https://lh5.googleusercontent.com/p/AF1QipNhrPaj4GeSbni0B__2eIxdAsUnfBav6cGRb_ux=w80-h106-k-no,Dine-in,·,Takeaway
"https://www.google.com/maps/place/Ngamta+Restaurant,+That+Phanom+Breakfast,+Porridge+%26+Pan+Fried+Eggs,+Until+10.30+AM/data=!4m7!3m6!1s0x313c395badd0afbb:0x32c8eaaa1ac1d732!8m2!3d16.9431052!4d104.727974!16s%2Fg%2F11h8gh1x57!19sChIJu6_QrVs5PDERMtfBGqrqyDI?authuser=0&hl=en&rclk=1","Ngamta Restaurant, That Phanom Breakfast, Porridge & Pan Fried Eggs, Until 10.30 AM",4.4,(29),Restaurant,·,WPVH+65X,https://lh5.googleusercontent.com/p/AF1QipODndsGahUTRRTPfSEGg9uEcNBVhRRjc68374G7=w132-h92-k-no,Dine-in,·,Takeaway
https://www.google.com/maps/place/%E0%B8%81%E0%B9%8B%E0%B8%A7%E0%B8%A2%E0%B9%80%E0%B8%95%E0%B8%B5%E0%B9%8B%E0%B8%A2%E0%B8%A7%E0%B9%80%E0%B8%A3%E0%B8%B7%E0%B8%AD%E0%B8%AA%E0%B8%B9%E0%B8%95%E0%B8%A3%E0%B8%AA%E0%B8%A1%E0%B8%B8%E0%B8%99%E0%B9%84%E0%B8%9E%E0%B8%A3/data=!4m7!3m6!1s0x313c39c30091167b:0x647d201f8f3d25b6!8m2!3d16.9531002!4d104.7255783!16s%2Fg%2F1hm28bhm7!19sChIJexaRAMM5PDERtiU9jx8gfWQ?authuser=0&hl=en&rclk=1,ก๋วยเตี๋ยวเรือสูตรสมุนไพร,4.4,(75),Restaurant,·,·,https://lh5.googleusercontent.com/p/AF1QipPGz3SoFrvEtNxfaq5ZaFXNcH3XSOxH_Vl9V-mV=w80-h106-k-no,Dine-in,·,Takeaway
https://www.google.com/maps/place/%E0%B9%80%E0%B8%A2%E0%B9%87%E0%B8%99%E0%B8%95%E0%B8%B2%E0%B9%82%E0%B8%9F%E0%B8%A3%E0%B8%AA%E0%B9%80%E0%B8%94%E0%B9%87%E0%B8%94/data=!4m7!3m6!1s0x313c39a16bcbc4a9:0x83d5d91a70d6bd25!8m2!3d16.9464202!4d104.7250355!16s%2Fg%2F11lgxx9t54!19sChIJqcTLa6E5PDERJb3WcBrZ1YM?authuser=0&hl=en&rclk=1,เย็นตาโฟรสเด็ด,4.0,(2),Family-friendly,·,สงวนการไฟฟ้า,https://lh5.googleusercontent.com/p/AF1QipP3JDGd6hbxNDaEjvMXPqcUnwJLLhklumr9Izru=w122-h92-k-no,Dine-in,·,Takeaway
https://www.google.com/maps/place/%E0%B8%AA%E0%B8%A7%E0%B8%99%E0%B8%AD%E0%B8%B2%E0%B8%AB%E0%B8%B2%E0%B8%A3%E0%B8%95%E0%B8%B8%E0%B9%89%E0%B8%A1%E0%B8%97%E0%B8%AD%E0%B8%87/data=!4m7!3m6!1s0x313c377e84e93b79:0x51274382521c5699!8m2!3d16.9363658!4d104.7107768!16s%2Fg%2F1pzqvbk0s!19sChIJeTvphH43PDERmVYcUoJDJ1E?authuser=0&hl=en&rclk=1,สวนอาหารตุ้มทอง,5.0,(1),Thai,·,"261 หมู่ 10, ถนนชยางกูร, ตำบลธาตุพนม อำเภอธาตุพนม จังหวัดนครพนม, 48110",https://lh5.googleusercontent.com/p/AF1QipOljy-KW7VwhDUeY71ybf89Dr_6U94R_DaltqXF=w163-h92-k-no,Dine-in,·,Takeaway
https://www.google.com/maps/place/%E0%B8%A3%E0%B9%89%E0%B8%B2%E0%B8%99%E0%B8%82%E0%B9%89%E0%B8%B2%E0%B8%A7%E0%B9%80%E0%B8%9B%E0%B8%B5%E0%B8%A2%E0%B8%81%E0%B9%80%E0%B8%AA%E0%B9%89%E0%B8%99%E0%B8%A3%E0%B8%B4%E0%B8%A1%E0%B8%9A%E0%B8%B6%E0%B8%87/data=!4m7!3m6!1s0x313c39d0ae7772cb:0x6f1f08c9566cc6bc!8m2!3d16.9463558!4d104.7276616!16s%2Fg%2F11jz570z8c!19sChIJy3J3rtA5PDERvMZsVskIH28?authuser=0&hl=en&rclk=1,ร้านข้าวเปียกเส้นริมบึง,5.0,(2),Restaurant,·,462,https://lh5.googleusercontent.com/p/AF1QipOTrGOJh8rBofX6sWOGSlr7vjlNweOeiAtaedgC=w163-h92-k-no,Dine-in,·,Takeaway
https://www.google.com/maps/place/%E0%B8%99%E0%B8%B8%E0%B8%8A%E0%B8%9B%E0%B8%A5%E0%B8%B2%E0%B9%80%E0%B8%9C%E0%B8%B2/data=!4m7!3m6!1s0x313c39d4a49df48b:0xd067d58d2827241d!8m2!3d16.9418299!4d104.7254945!16s%2Fg%2F11tsqlvg1w!19sChIJi_SdpNQ5PDERHSQnKI3VZ9A?authuser=0&hl=en&rclk=1,นุชปลาเผา,5.0,(1),Restaurant,·,·,https://lh5.googleusercontent.com/p/AF1QipMgPPFGfIVQd2Q7gVxH8jqSecdU8aFezBJyDGMt=w122-h92-k-no,Dine-in,·,Kerbside pickup
https://www.google.com/maps/place/%E0%B8%A3%E0%B9%89%E0%B8%B2%E0%B8%99%E0%B8%AD%E0%B8%B2%E0%B8%AB%E0%B8%B2%E0%B8%A3%E0%B8%88%E0%B8%B1%E0%B8%99%E0%B8%97%E0%B8%A3%E0%B9%8C%E0%B9%80%E0%B8%9E%E0%B9%87%E0%B8%8D/data=!4m7!3m6!1s0x313c39d8fcc4ef8f:0x2ca23527b002650e!8m2!3d16.9417743!4d104.7206808!16s%2Fg%2F1hm49z31p!19sChIJj-_E_Ng5PDERDmUCsCc1oiw?authuser=0&hl=en&rclk=1,ร้านอาหารจันทร์เพ็ญ,4.1,(35),Restaurant,·,ที่ทำการผู้ใหญ่บ้านหมู่ 2 355 10,https://lh5.googleusercontent.com/p/AF1QipNJWobUXV9OD5hzyKBnWsmzGDtTtyPe9Mc4aCjJ=w122-h92-k-no,Dine-in,·,Takeaway
https://www.google.com/maps/place/Kao+Piak+Sen+Pai+Daeng/data=!4m7!3m6!1s0x313c3763b7c36019:0x1fd89584bc51fb46!8m2!3d16.9354687!4d104.721428!16s%2Fg%2F11b7j3xrc2!19sChIJGWDDt2M3PDERRvtRvISV2B8?authuser=0&hl=en&rclk=1,Kao Piak Sen Pai Daeng,4.3,(237),Restaurant,·,วัดเกาะแก้วอัมพวัน 262 หมู่ที่ 10 ซอย,https://lh5.googleusercontent.com/p/AF1QipMoFA9DkNDCihEAqk7XbXJoTiIMZYCc8ZQTYphL=w122-h92-k-no,Dine-in,·,Takeaway
https://www.google.com/maps/place/%E0%B8%9A%E0%B9%89%E0%B8%B2%E0%B8%99%E0%B8%AA%E0%B8%A7%E0%B8%99%E0%B9%80%E0%B8%99%E0%B8%95%E0%B8%A3%E0%B8%99%E0%B8%A0%E0%B8%B2/data=!4m7!3m6!1s0x313c3914d9cf5c27:0x152751d0a3053e!8m2!3d16.9538001!4d104.7136133!16s%2Fg%2F11srtx_zt3!19sChIJJ1zP2RQ5PDERPgWj0FEnFQA?authuser=0&hl=en&rclk=1,บ้านสวนเนตรนภา,,,Restaurant,·,31,https://streetviewpixels-pa.googleapis.com/v1/thumbnail?panoid=FlBf-p-SjnayazJNll238Q&cb_client=search.gws-prod.gps&w=80&h=92&yaw=188.93141&pitch=0&thumbfov=100,Dine-in,·,Takeaway
https://www.google.com/maps/place/%E0%B9%80%E0%B8%AD%E0%B9%87%E0%B8%A1.%E0%B9%80%E0%B8%84./data=!4m7!3m6!1s0x313c39dcf618a787:0xfe46d718386d9bbf!8m2!3d16.9474832!4d104.7248417!16s%2Fg%2F11t831yv31!19sChIJh6cY9tw5PDERv5ttOBjXRv4?authuser=0&hl=en&rclk=1,เอ็ม.เค.,,,Restaurant,,,https://streetviewpixels-pa.googleapis.com/v1/thumbnail?panoid=ROipZ352y-mdW0OY6QJwlg&cb_client=search.gws-prod.gps&w=80&h=92&yaw=228.90117&pitch=0&thumbfov=100,Dine-in,·,Takeaway
https://www.google.com/maps/place/%E0%B8%84%E0%B8%A3%E0%B8%B1%E0%B8%A7%E0%B8%A2%E0%B8%B2%E0%B8%A2%E0%B9%80%E0%B8%AD%E0%B9%8A%E0%B8%B0/data=!4m7!3m6!1s0x313c3971c2632b53:0xfbd5c63697002a98!8m2!3d16.9461359!4d104.7210106!16s%2Fg%2F11ft73r4b4!19sChIJUytjwnE5PDERmCoAlzbG1fs?authuser=0&hl=en&rclk=1,ครัวยายเอ๊ะ,4.8,(5),Restaurant,·,·,https://lh5.googleusercontent.com/p/AF1QipPOKdy1Xczy2ktmk9ygBLCj0a0GmNIvhHWI9qrJ=w199-h92-k-no,Dine-in,·,Kerbside pickup
https://www.google.com/maps/place/%E0%B9%80%E0%B8%AA%E0%B8%B7%E0%B8%AD%E0%B8%AB%E0%B8%B4%E0%B8%A7+%E0%B9%80%E0%B8%A7%E0%B8%A5%E0%B8%84%E0%B8%B1%E0%B8%A1/data=!4m7!3m6!1s0x313c370be2e3928d:0xfeec6940b4d3b43a!8m2!3d16.9321391!4d104.7046592!16s%2Fg%2F11h3c35f8d!19sChIJjZLj4gs3PDEROrTTtEBp7P4?authuser=0&hl=en&rclk=1,เสือหิว เวลคัม,,,Restaurant,·,"WPJ3+VV3, Chayangkun Rd",https://streetviewpixels-pa.googleapis.com/v1/thumbnail?panoid=9VVDSgFmpUU8R9Xhlhxrog&cb_client=search.gws-prod.gps&w=80&h=92&yaw=135.65596&pitch=0&thumbfov=100,Dine-in,·,Takeaway
https://www.google.com/maps/place/%E0%B8%A3%E0%B9%89%E0%B8%B2%E0%B8%99%E0%B8%84%E0%B8%A3%E0%B8%B1%E0%B8%A7%E0%B9%81%E0%B8%8B%E0%B9%88%E0%B8%9A%E0%B9%80%E0%B8%94%E0%B9%89%E0%B8%AD/data=!4m7!3m6!1s0x313c393c6becdbef:0x14ecdf56e4c6a29e!8m2!3d16.9467479!4d104.7295991!16s%2Fg%2F11h2hn2n41!19sChIJ79vsazw5PDERnqLG5Fbf7BQ?authuser=0&hl=en&rclk=1,ร้านครัวแซ่บเด้อ,3.7,(26),Restaurant,·,246,,Dine-in,·,Takeaway
https://www.google.com/maps/place/%E0%B9%80%E0%B8%99%E0%B8%B7%E0%B9%89%E0%B8%AD%E0%B9%82%E0%B8%84%E0%B8%82%E0%B8%B8%E0%B8%99+by+%E0%B8%A3%E0%B8%B1%E0%B8%95%E0%B8%99%E0%B8%B0/data=!4m7!3m6!1s0x313c39dbbba3e9eb:0x9d9017c294a631ff!8m2!3d16.9468135!4d104.7209967!16s%2Fg%2F11c600phd_!19sChIJ6-mju9s5PDER_zGmlMIXkJ0?authuser=0&hl=en&rclk=1,เนื้อโคขุน by รัตนะ,4.4,(42),Restaurant,·,WPWC+P9H 2030,,Dine-in,·,Takeaway
https://www.google.com/maps/place/%E0%B8%84%E0%B8%A3%E0%B8%B1%E0%B8%A7%E0%B8%AD%E0%B8%B5%E0%B8%AA%E0%B8%B2%E0%B8%99%E0%B8%98%E0%B8%B2%E0%B8%95%E0%B8%B8%E0%B8%9E%E0%B8%99%E0%B8%A1/data=!4m7!3m6!1s0x313c3956b6d3a7eb:0xf3fa8b206ddbbe23!8m2!3d16.9457952!4d104.7212655!16s%2Fg%2F11sf65ldl3!19sChIJ66fTtlY5PDERI77bbSCL-vM?authuser=0&hl=en&rclk=1,ครัวอีสานธาตุพนม,,,Family-friendly,·,·,,Dine-in,·,Takeaway
"https://www.google.com/maps/place/Ban+Khao+Hom+Porridge,+Breakfast+Until+10am/data=!4m7!3m6!1s0x313c393fabc22709:0xd81752b7da0a6b01!8m2!3d16.941212!4d104.7248222!16s%2Fg%2F11hzyhf0v1!19sChIJCSfCqz85PDERAWsK2rdSF9g?authuser=0&hl=en&rclk=1","Ban Khao Hom Porridge, Breakfast Until 10am",4.4,(19),Restaurant,·,209 ม.1,,Dine-in,·,Takeaway
https://www.google.com/maps/place/%E0%B8%A3%E0%B9%89%E0%B8%B2%E0%B8%99%E0%B8%84%E0%B8%A3%E0%B8%B1%E0%B8%A7%E0%B9%81%E0%B8%8B%E0%B9%88%E0%B8%9A%E0%B9%80%E0%B8%94%E0%B9%89%E0%B8%AD/data=!4m7!3m6!1s0x313c393c6becdbef:0x14ecdf56e4c6a29e!8m2!3d16.9467479!4d104.7295991!16s%2Fg%2F11h2hn2n41!19sChIJ79vsazw5PDERnqLG5Fbf7BQ?authuser=0&hl=en&rclk=1,ร้านครัวแซ่บเด้อ,3.7,(26),Restaurant,·,246,https://lh5.googleusercontent.com/p/AF1QipMHJCYNbxcISX62Fv49RA1var54gcK1o9cuuaa1=w92-h92-k-no,Dine-in,·,Takeaway
https://www.google.com/maps/place/%E0%B9%80%E0%B8%99%E0%B8%B7%E0%B9%89%E0%B8%AD%E0%B9%82%E0%B8%84%E0%B8%82%E0%B8%B8%E0%B8%99+by+%E0%B8%A3%E0%B8%B1%E0%B8%95%E0%B8%99%E0%B8%B0/data=!4m7!3m6!1s0x313c39dbbba3e9eb:0x9d9017c294a631ff!8m2!3d16.9468135!4d104.7209967!16s%2Fg%2F11c600phd_!19sChIJ6-mju9s5PDER_zGmlMIXkJ0?authuser=0&hl=en&rclk=1,เนื้อโคขุน by รัตนะ,4.4,(42),Restaurant,·,WPWC+P9H 2030,https://lh5.googleusercontent.com/p/AF1QipOOcJyD8AqM-iOwDkCkmZEI2znlDFQ6t0GRhb-M=w163-h92-k-no,Dine-in,·,Takeaway
https://www.google.com/maps/place/%E0%B8%84%E0%B8%A3%E0%B8%B1%E0%B8%A7%E0%B8%AD%E0%B8%B5%E0%B8%AA%E0%B8%B2%E0%B8%99%E0%B8%98%E0%B8%B2%E0%B8%95%E0%B8%B8%E0%B8%9E%E0%B8%99%E0%B8%A1/data=!4m7!3m6!1s0x313c3956b6d3a7eb:0xf3fa8b206ddbbe23!8m2!3d16.9457952!4d104.7212655!16s%2Fg%2F11sf65ldl3!19sChIJ66fTtlY5PDERI77bbSCL-vM?authuser=0&hl=en&rclk=1,ครัวอีสานธาตุพนม,,,Family-friendly,·,·,https://streetviewpixels-pa.googleapis.com/v1/thumbnail?panoid=lZkDXwy0ZIetwYN1f1AcjQ&cb_client=search.gws-prod.gps&w=80&h=92&yaw=105.42479&pitch=0&thumbfov=100,Dine-in,·,Takeaway
"https://www.google.com/maps/place/Ban+Khao+Hom+Porridge,+Breakfast+Until+10am/data=!4m7!3m6!1s0x313c393fabc22709:0xd81752b7da0a6b01!8m2!3d16.941212!4d104.7248222!16s%2Fg%2F11hzyhf0v1!19sChIJCSfCqz85PDERAWsK2rdSF9g?authuser=0&hl=en&rclk=1","Ban Khao Hom Porridge, Breakfast Until 10am",4.4,(19),Restaurant,·,209 ม.1,https://lh5.googleusercontent.com/p/AF1QipP95ZX8CzJ57GPHEPY5I1zpAYO99xUbWoZ7hzWJ=w122-h92-k-no,Dine-in,·,Takeaway
https://www.google.com/maps/place/Benty+%E0%B8%82%E0%B9%89%E0%B8%B2%E0%B8%A7%E0%B8%A3%E0%B8%B2%E0%B8%94%E0%B9%81%E0%B8%81%E0%B8%87+%E0%B8%AD%E0%B8%B2%E0%B8%AB%E0%B8%B2%E0%B8%A3%E0%B8%95%E0%B8%B2%E0%B8%A1%E0%B8%AA%E0%B8%B1%E0%B9%88%E0%B8%87+%E0%B8%81%E0%B9%8B%E0%B8%A7%E0%B8%A2%E0%B9%80%E0%B8%95%E0%B8%B5%E0%B9%8B%E0%B8%A2%E0%B8%A7/data=!4m7!3m6!1s0x313c39c2cdeec973:0xe5cd643b78474eaa!8m2!3d16.9505019!4d104.72664!16s%2Fg%2F11c74d95s3!19sChIJc8nuzcI5PDERqk5HeDtkzeU?authuser=0&hl=en&rclk=1,Benty ข้าวราดแกง อาหารตามสั่ง ก๋วยเตี๋ยว,4.1,(88),Restaurant,·,XP2G+6M2,,Dine-in,·,Takeaway
https://www.google.com/maps/place/%E0%B8%8B%E0%B8%B9%E0%B8%8A%E0%B8%B4%E0%B8%99%E0%B9%89%E0%B8%AD%E0%B8%87%E0%B8%A1%E0%B8%B2%E0%B8%81%E0%B8%B4%28Suchi+N%27Maki%29/data=!4m7!3m6!1s0x313c397a50144ab7:0x1d718033abda5a8c!8m2!3d16.9448327!4d104.7294542!16s%2Fg%2F11k5dzv94n!19sChIJt0oUUHo5PDERjFraqzOAcR0?authuser=0&hl=en&rclk=1,ซูชิน้องมากิ(Suchi N'Maki),5.0,(1),Restaurant,·,WPVH+WQP ริมโขงธาตุพนม อ.ธาตุพนม ต.ธาตพนม จ,,Dine-in,·,Takeaway
https://www.google.com/maps/place/%E0%B8%81%E0%B8%B0%E0%B9%80%E0%B8%9E%E0%B8%A3%E0%B8%B2%E0%B8%AB%E0%B8%A1%E0%B9%88%E0%B8%AD%E0%B8%87%E0%B9%80%E0%B8%81%E0%B9%88%E0%B8%B2/data=!4m7!3m6!1s0x313c396472ef8e2f:0x7cd14299941f95c0!8m2!3d16.943128!4d104.712074!16s%2Fg%2F11qpyvzx_j!19sChIJL47vcmQ5PDERwJUflJlC0Xw?authuser=0&hl=en&rclk=1,กะเพราหม่องเก่า,4.0,(1),Restaurant,·,WPV6+7R4 นพ.3048,https://streetviewpixels-pa.googleapis.com/v1/thumbnail?panoid=oyAs2Be5PgDubH7ZP4ljyw&cb_client=search.gws-prod.gps&w=80&h=92&yaw=82.011765&pitch=0&thumbfov=100,Dine-in,·,Takeaway
https://www.google.com/maps/place/%E0%B9%84%E0%B8%97+%E0%B8%AD%E0%B8%B4%E0%B8%99%E0%B8%94%E0%B8%B5%E0%B9%89/data=!4m7!3m6!1s0x313c377c9c7d437d:0x7ae076e79509e432!8m2!3d16.934121!4d104.7150808!16s%2Fg%2F11f28p73wj!19sChIJfUN9nHw3PDERMuQJled24Ho?authuser=0&hl=en&rclk=1,ไท อินดี้,4.5,(2),Family-friendly,·,301 หมู่ 8 ต ธาตุพนม อ ธาตุพนม จ,,Dine-in,·,Takeaway
https://www.google.com/maps/place/%E0%B8%A3%E0%B9%89%E0%B8%B2%E0%B8%99%E0%B9%81%E0%B8%8B%E0%B9%88%E0%B8%9A%E0%B8%99%E0%B8%B1%E0%B8%A7...%E0%B8%AB%E0%B8%B1%E0%B8%A7%E0%B8%AA%E0%B8%B0%E0%B8%9E%E0%B8%B2%E0%B8%99/data=!4m7!3m6!1s0x313c3794fd4de53f:0x7999366a8daa08ff!8m2!3d16.9298526!4d104.6840392!16s%2Fg%2F11s22ww_j0!19sChIJP-VN_ZQ3PDER_wiqjWo2mXk?authuser=0&hl=en&rclk=1,ร้านแซ่บนัว...หัวสะพาน,5.0,(3),Restaurant,·,189,,Dine-in,·,Kerbside pickup
https://www.google.com/maps/place/Benty+%E0%B8%82%E0%B9%89%E0%B8%B2%E0%B8%A7%E0%B8%A3%E0%B8%B2%E0%B8%94%E0%B9%81%E0%B8%81%E0%B8%87+%E0%B8%AD%E0%B8%B2%E0%B8%AB%E0%B8%B2%E0%B8%A3%E0%B8%95%E0%B8%B2%E0%B8%A1%E0%B8%AA%E0%B8%B1%E0%B9%88%E0%B8%87+%E0%B8%81%E0%B9%8B%E0%B8%A7%E0%B8%A2%E0%B9%80%E0%B8%95%E0%B8%B5%E0%B9%8B%E0%B8%A2%E0%B8%A7/data=!4m7!3m6!1s0x313c39c2cdeec973:0xe5cd643b78474eaa!8m2!3d16.9505019!4d104.72664!16s%2Fg%2F11c74d95s3!19sChIJc8nuzcI5PDERqk5HeDtkzeU?authuser=0&hl=en&rclk=1,Benty ข้าวราดแกง อาหารตามสั่ง ก๋วยเตี๋ยว,4.1,(88),Restaurant,·,XP2G+6M2,https://lh5.googleusercontent.com/p/AF1QipMbUzloQu3bWj-3MQd6jzPfAEuOoNIr8BMWZXTT=w122-h92-k-no,Dine-in,·,Takeaway
https://www.google.com/maps/place/%E0%B8%8B%E0%B8%B9%E0%B8%8A%E0%B8%B4%E0%B8%99%E0%B9%89%E0%B8%AD%E0%B8%87%E0%B8%A1%E0%B8%B2%E0%B8%81%E0%B8%B4%28Suchi+N%27Maki%29/data=!4m7!3m6!1s0x313c397a50144ab7:0x1d718033abda5a8c!8m2!3d16.9448327!4d104.7294542!16s%2Fg%2F11k5dzv94n!19sChIJt0oUUHo5PDERjFraqzOAcR0?authuser=0&hl=en&rclk=1,ซูชิน้องมากิ(Suchi N'Maki),5.0,(1),Restaurant,·,WPVH+WQP ริมโขงธาตุพนม อ.ธาตุพนม ต.ธาตพนม จ,https://lh5.googleusercontent.com/p/AF1QipPQCST80ALFx7fqvTd4EzRecabkRPa1Bvfmx402=w183-h92-k-no,Dine-in,·,Takeaway
https://www.google.com/maps/place/%E0%B9%84%E0%B8%97+%E0%B8%AD%E0%B8%B4%E0%B8%99%E0%B8%94%E0%B8%B5%E0%B9%89/data=!4m7!3m6!1s0x313c377c9c7d437d:0x7ae076e79509e432!8m2!3d16.934121!4d104.7150808!16s%2Fg%2F11f28p73wj!19sChIJfUN9nHw3PDERMuQJled24Ho?authuser=0&hl=en&rclk=1,ไท อินดี้,4.5,(2),Family-friendly,·,301 หมู่ 8 ต ธาตุพนม อ ธาตุพนม จ,https://lh5.googleusercontent.com/p/AF1QipOKtt-8tcAkAjNNGHkaaWaS_ERdhNugxpdoLLBm=w80-h106-k-no,Dine-in,·,Takeaway
https://www.google.com/maps/place/%E0%B8%A3%E0%B9%89%E0%B8%B2%E0%B8%99%E0%B9%81%E0%B8%8B%E0%B9%88%E0%B8%9A%E0%B8%99%E0%B8%B1%E0%B8%A7...%E0%B8%AB%E0%B8%B1%E0%B8%A7%E0%B8%AA%E0%B8%B0%E0%B8%9E%E0%B8%B2%E0%B8%99/data=!4m7!3m6!1s0x313c3794fd4de53f:0x7999366a8daa08ff!8m2!3d16.9298526!4d104.6840392!16s%2Fg%2F11s22ww_j0!19sChIJP-VN_ZQ3PDER_wiqjWo2mXk?authuser=0&hl=en&rclk=1,ร้านแซ่บนัว...หัวสะพาน,5.0,(3),Restaurant,·,189,https://lh5.googleusercontent.com/p/AF1QipNgyPUH7WcVt2wc9zv6bWczz9YUsDTO4I8DaI9S=w80-h107-k-no,Dine-in,·,Kerbside pickup
https://www.google.com/maps/place/%E0%B8%84%E0%B8%A3%E0%B8%B1%E0%B8%A7%E0%B8%A1%E0%B9%80%E0%B8%AB%E0%B8%AA%E0%B8%B5/data=!4m7!3m6!1s0x313c39c3b1fd5eeb:0xc11b1081401ff22f!8m2!3d16.9538893!4d104.7254388!16s%2Fg%2F11fyxd5kkj!19sChIJ6179scM5PDERL_IfQIEQG8E?authuser=0&hl=en&rclk=1,ครัวมเหสี,3.8,(12),Restaurant,·,XP3G+H54,https://lh5.googleusercontent.com/p/AF1QipPNRfmX_VGN0VeVyOKRndyaLWyk8v3p69RvaaIb=w122-h92-k-no,Dine-in,·,Takeaway
https://www.google.com/maps/place/%E0%B8%82%E0%B8%99%E0%B8%A1%E0%B8%88%E0%B8%B5%E0%B8%99%E0%B8%A2%E0%B8%B2%E0%B8%A2%E0%B8%88%E0%B8%B4%E0%B8%95%E0%B8%A3+%28%E0%B9%80%E0%B8%88%E0%B9%89%E0%B8%B2%E0%B9%80%E0%B8%81%E0%B9%88%E0%B8%B2%29+%E0%B8%9A%E0%B9%89%E0%B8%B2%E0%B8%99%E0%B8%95%E0%B9%89%E0%B8%AD%E0%B8%87+%E0%B8%98%E0%B8%B2%E0%B8%95%E0%B8%B8%E0%B8%9E%E0%B8%99%E0%B8%A1/data=!4m7!3m6!1s0x313c3795d9163ce3:0x6856f55a4ee6d915!8m2!3d16.9246534!4d104.6816061!16s%2Fg%2F11kjcpn8rv!19sChIJ4zwW2ZU3PDERFdnmTlr1Vmg?authuser=0&hl=en&rclk=1,ขนมจีนยายจิตร (เจ้าเก่า) บ้านต้อง ธาตุพนม,5.0,(1),Restaurant,·,245 1,https://lh5.googleusercontent.com/p/AF1QipPpodOqAE1xelPamsng0ISzQmVNJmdOsvHtJNBI=w80-h106-k-no,Dine-in,·,Kerbside pickup
https://www.google.com/maps/place/%E0%B8%AA%E0%B9%89%E0%B8%A1%E0%B8%95%E0%B8%B3+%E0%B9%84%E0%B8%81%E0%B9%88%E0%B8%A2%E0%B9%88%E0%B8%B2%E0%B8%87+%E0%B8%9B%E0%B8%A5%E0%B8%B2%E0%B9%80%E0%B8%9C%E0%B8%B2/data=!4m7!3m6!1s0x313c391a605ebbc9:0xd453c931434180af!8m2!3d16.943738!4d104.7292692!16s%2Fg%2F11ppz2cr0p!19sChIJybteYBo5PDERr4BBQzHJU9Q?authuser=0&hl=en&rclk=1,ส้มตำ ไก่ย่าง ปลาเผา,5.0,(2),Family-friendly,·,146 หมู่ที่ 14,https://lh5.googleusercontent.com/p/AF1QipPKfSPSrmZdjAJ46JtCZJKkE7rp6ikpBdctskMc=w80-h106-k-no,Dine-in,·,Takeaway
https://www.google.com/maps/place/%E0%B8%A3%E0%B9%89%E0%B8%B2%E0%B8%99%E0%B8%84%E0%B8%B1%E0%B8%99%E0%B9%82%E0%B8%82%E0%B8%87/data=!4m7!3m6!1s0x313c394572df964b:0xc239554a61c7285c!8m2!3d16.9437461!4d104.7292791!16s%2Fg%2F11k0zwrcs7!19sChIJS5bfckU5PDERXCjHYUpVOcI?authuser=0&hl=en&rclk=1,ร้านคันโขง,4.5,(4),Restaurant,·,146 หมู่ที่ 14,https://lh5.googleusercontent.com/p/AF1QipN-J6F3rZInNDPboqLdRVYHNel-Ic9mi7OCHMLN=w80-h106-k-no,Dine-in,·,Takeaway
https://www.google.com/maps/place/%E0%B8%8A%E0%B8%B2%E0%B8%A2%E0%B8%AA%E0%B8%B5%E0%B9%88+%E0%B8%9A%E0%B8%B0%E0%B8%AB%E0%B8%A1%E0%B8%B5%E0%B9%88%E0%B9%80%E0%B8%81%E0%B8%B5%E0%B9%8A%E0%B8%A2%E0%B8%A7/data=!4m7!3m6!1s0x313c39006e525025:0x7091ad8efa3cc107!8m2!3d16.944477!4d104.7267467!16s%2Fg%2F11y4rf9vg6!19sChIJJVBSbgA5PDERB8E8-o6tkXA?authuser=0&hl=en&rclk=1,ชายสี่ บะหมี่เกี๊ยว,,,Restaurant,·,WPP6+2JG วัดบ้านนาหัวดอน,https://streetviewpixels-pa.googleapis.com/v1/thumbnail?panoid=DqCcS9X1swZhG31UqhO1cg&cb_client=search.gws-prod.gps&w=80&h=92&yaw=347.48807&pitch=0&thumbfov=100,Takeaway,,
https://www.google.com/maps/place/%E0%B8%A3%E0%B9%89%E0%B8%B2%E0%B8%99%E0%B8%A1%E0%B8%B2%E0%B8%8B%E0%B8%B2%E0%B8%87%E0%B8%A7%E0%B8%B2%E0%B8%A3%E0%B8%B4%E0%B8%A1%E0%B9%82%E0%B8%82%E0%B8%87/data=!4m7!3m6!1s0x313c39e752887d3f:0xc707525918d856e0!8m2!3d16.9444117!4d104.7294417!16s%2Fg%2F11gf0y63jx!19sChIJP32IUuc5PDER4FbYGFlSB8c?authuser=0&hl=en&rclk=1,ร้านมาซางวาริมโขง,4.1,(14),Restaurant,·,WPVH+QQ8,https://lh5.googleusercontent.com/p/AF1QipOcH9VNMnZ4FoAJkyk-D8cRulIWUnkXQJg1R72t=w122-h92-k-no,Dine-in,·,Takeaway
https://www.google.com/maps/place/STANDBY+Bar%26+Restaurant/data=!4m7!3m6!1s0x313c390c4d9d5823:0x165bff83b6079a6c!8m2!3d16.9442777!4d104.7206282!16s%2Fg%2F11qf_z1fbx!19sChIJI1idTQw5PDERbJoHtoP_WxY?authuser=0&hl=en&rclk=1,STANDBY Bar& Restaurant,,,Restaurant,·,บ้านเลขที่1 หมู่ 9,https://lh5.googleusercontent.com/p/AF1QipNrPChkY_JdTjyw4yzrqjwo-Dk_srWZceOClauW=w80-h106-k-no,Dine-in,·,Kerbside pickup
https://www.google.com/maps/place/%E0%B8%88%E0%B9%89%E0%B8%B2%E0%B8%A7%E0%B8%A0%E0%B8%B9%E0%B8%9E%E0%B8%99%E0%B8%A1/data=!4m7!3m6!1s0x313c3923d45c5fbf:0xcc793e34bbe3d96c!8m2!3d16.940428!4d104.7206475!16s%2Fg%2F11m__jg9k1!19sChIJv19c1CM5PDERbNnjuzQ-ecw?authuser=0&hl=en&rclk=1,จ้าวภูพนม,,,Noodle Shop,·,223 หมู่ 10,https://lh5.googleusercontent.com/p/AF1QipMiB_5E-U_K9sHOR42F0XVeFOYRWcPofCXH75l0=w80-h106-k-no,Dine-in,·,Takeaway
https://www.google.com/maps/place/%E0%B9%81%E0%B8%AB%E0%B8%99%E0%B8%A1%E0%B9%83%E0%B8%9A%E0%B8%A1%E0%B8%B0%E0%B8%A2%E0%B8%A1%E0%B9%81%E0%B8%A1%E0%B9%88%E0%B8%AD%E0%B8%A3%E0%B8%B8%E0%B8%93/data=!4m7!3m6!1s0x313c393cb02afd1b:0x3e8e4e7d32f1ee15!8m2!3d16.9399142!4d104.7288679!16s%2Fg%2F11h7q3v_d_!19sChIJG_0qsDw5PDERFe7xMn1Ojj4?authuser=0&hl=en&rclk=1,แหนมใบมะยมแม่อรุณ,,,Restaurant,·,เลขที่ 1,https://streetviewpixels-pa.googleapis.com/v1/thumbnail?panoid=gaOJkiRiNnGHx5IYxIqCMA&cb_client=search.gws-prod.gps&w=80&h=92&yaw=181.80075&pitch=0&thumbfov=100,Takeaway,,
https://www.google.com/maps/place/%E0%B8%9A%E0%B9%89%E0%B8%B2%E0%B8%99%E0%B8%AA%E0%B8%A7%E0%B8%99%E0%B8%A7%E0%B8%A3%E0%B8%B4%E0%B8%A8%E0%B8%A3%E0%B8%B2%E0%B8%9F%E0%B8%B4%E0%B8%8A%E0%B8%8A%E0%B8%B4%E0%B9%88%E0%B8%87%E0%B8%9B%E0%B8%B2%E0%B8%A3%E0%B9%8C%E0%B8%84@%E0%B8%84%E0%B8%B2%E0%B9%80%E0%B8%9F%E0%B9%88/data=!4m7!3m6!1s0x313c3786f6938b93:0x2c3a98fdb3f72efe!8m2!3d16.9339839!4d104.6971134!16s%2Fg%2F11kc3dspwn!19sChIJk4uT9oY3PDER_i73s_2YOiw?authuser=0&hl=en&rclk=1,บ้านสวนวริศราฟิชชิ่งปาร์ค@คาเฟ่,5.0,(2),Restaurant,·,139,https://lh5.googleusercontent.com/p/AF1QipPabjfmZPfeiu6udosInDe-972Sk5_oW7eOYjXH=w163-h92-k-no,Dine-in,·,Kerbside pickup
https://www.google.com/maps/place/Karamae+Thun+Chai+%28Coconut+Dodo%29/data=!4m7!3m6!1s0x313c39a1bf88736f:0x53d92f1aa0d3310f!8m2!3d16.9437116!4d104.7280106!16s%2Fg%2F11gy0g2v87!19sChIJb3OIv6E5PDERDzHToBov2VM?authuser=0&hl=en&rclk=1,Karamae Thun Chai (Coconut Dodo),4.7,(6),Dessert,·,เลขที่ 49,https://lh5.googleusercontent.com/p/AF1QipMypmhoxWJof9IHHXi3A3jJrpUbSH0KWL9lqhM0=w80-h142-k-no,Takeaway,,
https://www.google.com/maps/place/%E0%B8%82%E0%B9%89%E0%B8%B2%E0%B8%A7%E0%B8%A1%E0%B8%B1%E0%B8%99%E0%B9%84%E0%B8%81%E0%B9%88+@%E0%B8%98%E0%B8%B2%E0%B8%95%E0%B8%B8%E0%B8%9E%E0%B8%99%E0%B8%A1/data=!4m7!3m6!1s0x313c39ed8d121275:0xac385fe7da8ab310!8m2!3d16.9460023!4d104.7250451!16s%2Fg%2F11pv9c7x5f!19sChIJdRISje05PDERELOK2udfOKw?authuser=0&hl=en&rclk=1,ข้าวมันไก่ @ธาตุพนม,4.0,(2),Restaurant,·,165 22 หมู่.13 Chayangkun Rd,https://lh5.googleusercontent.com/p/AF1QipPwPid9HomuEcqvdxTnvvYo52OVYwTW796nB4Qf=w80-h106-k-no,Dine-in,·,Kerbside pickup
https://www.google.com/maps/place/%E0%B8%AA%E0%B9%89%E0%B8%A1%E0%B8%95%E0%B8%B3%E0%B9%80%E0%B8%88%E0%B9%89%E0%B8%81%E0%B8%B9%E0%B8%94/data=!4m7!3m6!1s0x313c39c71f746cfb:0x779925dcec5fcca4!8m2!3d16.9430412!4d104.7276871!16s%2Fg%2F11t7hwtyz8!19sChIJ-2x0H8c5PDERpMxf7NwlmXc?authuser=0&hl=en&rclk=1,ส้มตำเจ้กูด,5.0,(1),Fast Food,·,30 ถนน พนมพนารักษ์,https://lh5.googleusercontent.com/p/AF1QipM3Sw1N4KAw16WCkmNWaW03CQ6bdz46Z-0Ccvtf=w80-h142-k-no,Dine-in,·,Takeaway
https://www.google.com/maps/place/%E0%B9%81%E0%B8%AB%E0%B8%99%E0%B8%A1%E0%B8%84%E0%B8%A3%E0%B8%B9%E0%B9%81%E0%B8%9A%E0%B9%88%E0%B8%87/data=!4m7!3m6!1s0x313c39f6724e88ab:0xf51f0052627aa88b!8m2!3d16.947037!4d104.72913!16s%2Fg%2F11ft127yz_!19sChIJq4hOcvY5PDERi6h6YlIAH_U?authuser=0&hl=en&rclk=1,แหนมครูแบ่ง,5.0,(6),Restaurant,·,WPWH+RM6,https://lh5.googleusercontent.com/p/AF1QipPHFLt9t8z_HgzdexdwZjm8smtDmDugV5BNQ6ba=w199-h92-k-no,Dine-in,·,Takeaway
https://www.google.com/maps/place/%E0%B8%A3%E0%B9%89%E0%B8%B2%E0%B8%99%E0%B8%A1%E0%B8%B8%E0%B8%81%E0%B8%94%E0%B8%B2%E0%B8%AB%E0%B8%A1%E0%B8%BF%E0%B8%81%E0%B8%B0%E0%B8%97%E0%B8%B0/data=!4m7!3m6!1s0x313c37006f8cc11d:0x19324368584a442b!8m2!3d16.937874!4d104.707871!16s%2Fg%2F11y5d_x5x3!19sChIJHcGMbwA3PDERK0RKWGhDMhk?authuser=0&hl=en&rclk=1,ร้านมุกดาหม฿กะทะ,,,Restaurant,·,WPP5+QHW,https://streetviewpixels-pa.googleapis.com/v1/thumbnail?panoid=qpBghXTGcD5emObS63GGJw&cb_client=search.gws-prod.gps&w=80&h=92&yaw=180.67152&pitch=0&thumbfov=100,Takeaway,,
https://www.google.com/maps/place/Sirat+Theppharot/data=!4m7!3m6!1s0x313c39dc43918fdb:0x1287beda8fe7cf0e!8m2!3d16.9463041!4d104.7244073!16s%2Fg%2F1hd_1gjx5!19sChIJ24-RQ9w5PDERDs_nj9q-hxI?authuser=0&hl=en&rclk=1,Sirat Theppharot,4.8,(5),Restaurant,·,WPWF+GQF,https://lh5.googleusercontent.com/p/AF1QipN0sFr8P5zKuIxjoiUzTjdsqE2eI6mmclBT6Z87=w163-h92-k-no,Dine-in,·,Takeaway
https://www.google.com/maps/place/%E0%B8%81%E0%B8%B8%E0%B9%89%E0%B8%87%E0%B8%95%E0%B8%B0%E0%B8%81%E0%B8%A3%E0%B9%89%E0%B8%B2%E0%B8%9E%E0%B8%B2%E0%B8%A3%E0%B8%A7%E0%B8%A2/data=!4m7!3m6!1s0x313c3900661d22ad:0x55d77164e7f0a4aa!8m2!3d16.9566448!4d104.7244711!16s%2Fg%2F11vtb8hy3z!19sChIJrSIdZgA5PDERqqTw52Rx11U?authuser=0&hl=en&rclk=1,กุ้งตะกร้าพารวย,5.0,(3),Seafood,·,122,https://lh5.googleusercontent.com/p/AF1QipOd7MM7kOEpKk1b6NfqNUQFjnT7gBiUlzD_PzQS=w80-h106-k-no,Takeaway,,
https://www.google.com/maps/place/%E0%B8%A5%E0%B8%B8%E0%B8%87%E0%B8%AB%E0%B8%A1%E0%B8%87+%E0%B8%82%E0%B9%89%E0%B8%B2%E0%B8%A7%E0%B8%A1%E0%B8%B1%E0%B8%99%E0%B9%84%E0%B8%81%E0%B9%88/data=!4m7!3m6!1s0x313c376088fd1603:0x5d7256b8a6c727a3!8m2!3d16.935506!4d104.7278252!16s%2Fg%2F11fps8tnlj!19sChIJAxb9iGA3PDERoyfHprhWcl0?authuser=0&hl=en&rclk=1,ลุงหมง ข้าวมันไก่,,,Restaurant,·,WPPH+644 ถนน พนมพนารักษ์,https://streetviewpixels-pa.googleapis.com/v1/thumbnail?panoid=8yPIs7EUfEuDz_L3LROmYQ&cb_client=search.gws-prod.gps&w=80&h=92&yaw=271.61288&pitch=0&thumbfov=100,Dine-in,·,Takeaway
https://www.google.com/maps/place/%E0%B9%80%E0%B8%95%E0%B8%B4%E0%B9%89%E0%B8%A5+%E0%B9%80%E0%B8%95%E0%B8%B4%E0%B9%89%E0%B8%A5+%E0%B8%9B%E0%B8%A5%E0%B8%B2%E0%B9%80%E0%B8%9C%E0%B8%B2/data=!4m7!3m6!1s0x313c39b202661e43:0x9d6ff8ad48d12eef!8m2!3d16.9458427!4d104.724796!16s%2Fg%2F11jn2kjmsr!19sChIJQx5mArI5PDER7y7RSK34b50?authuser=0&hl=en&rclk=1,เติ้ล เติ้ล ปลาเผา,4.4,(9),Restaurant,·,"WPWF+8WM, Chayangkun Rd",https://lh5.googleusercontent.com/p/AF1QipPorNzjgpmsmLpIwwQzLXJxb_3JexUVcsucF3-6=w80-h106-k-no,Dine-in,·,Takeaway
https://www.google.com/maps/place/%E0%B8%A3%E0%B9%89%E0%B8%B2%E0%B8%99%E0%B8%AD%E0%B8%B2%E0%B8%AB%E0%B8%B2%E0%B8%A3%E0%B8%95%E0%B8%B2%E0%B8%A1%E0%B8%AA%E0%B8%B1%E0%B9%88%E0%B8%87/data=!4m7!3m6!1s0x313c37000f6a9a5b:0xa339c4c846780e4f!8m2!3d16.9226081!4d104.6803294!16s%2Fg%2F11vt0fhsx3!19sChIJW5pqDwA3PDERTw54RsjEOaM?authuser=0&hl=en&rclk=1,ร้านอาหารตามสั่ง,,,Restaurant,·,"WMFJ+24W, Chayangkun Rd",https://streetviewpixels-pa.googleapis.com/v1/thumbnail?panoid=E3I3eUZqm8OHlxuu4GeZRg&cb_client=search.gws-prod.gps&w=80&h=92&yaw=310.2461&pitch=0&thumbfov=100,,,
https://www.google.com/maps/place/%E0%B9%80%E0%B8%88%E0%B9%89%E0%B9%80%E0%B8%88%E0%B8%B5%E0%B9%8A%E0%B8%A2%E0%B8%9A%E0%B8%81%E0%B9%8B%E0%B8%A7%E0%B8%A2%E0%B9%80%E0%B8%95%E0%B8%B5%E0%B9%8B%E0%B8%A2%E0%B8%A7%E0%B9%84%E0%B8%81%E0%B9%88%E0%B8%A1%E0%B8%B0%E0%B8%A3%E0%B8%B0/data=!4m7!3m6!1s0x313c39003b7bdd73:0x1386a730d1d699c3!8m2!3d16.9423782!4d104.7206627!16s%2Fg%2F11y4bw6272!19sChIJc917OwA5PDERw5nW0TCnhhM?authuser=0&hl=en&rclk=1,เจ้เจี๊ยบก๋วยเตี๋ยวไก่มะระ,5.0,(1),Thai,·,191 บายพาส,https://lh5.googleusercontent.com/p/AF1QipNb9f7nbjYq47_Zvaoi8v32sfM89a8wN8A5Rvsl=w80-h106-k-no,Dine-in,·,Takeaway
https://www.google.com/maps/place/%E0%B8%A3%E0%B9%89%E0%B8%B2%E0%B8%99%E0%B9%82%E0%B8%A3%E0%B8%87%E0%B8%8A%E0%B8%B2%E0%B8%98%E0%B8%B2%E0%B8%95%E0%B8%B8%E0%B8%9E%E0%B8%99%E0%B8%A1/data=!4m7!3m6!1s0x313c396fe15fbd55:0x47d559a52325874e!8m2!3d16.9421798!4d104.72805!16s%2Fg%2F11fk8djtxk!19sChIJVb1f4W85PDERToclI6VZ1Uc?authuser=0&hl=en&rclk=1,ร้านโรงชาธาตุพนม,4.5,(6),Restaurant,·,WPRH+V6F ถนน พนมพนารักษ์,https://lh5.googleusercontent.com/p/AF1QipPXPr-l4UFfIgUbSz9YrZDVnqu1uMrac7CcsqCd=w122-h92-k-no,Dine-in,·,Takeaway
https://www.google.com/maps/place/%E0%B8%A1%E0%B8%B8%E0%B8%81%E0%B8%94%E0%B8%B2%E0%B8%AB%E0%B8%A1%E0%B8%B9%E0%B8%81%E0%B8%B0%E0%B8%97%E0%B8%B0%E0%B8%AA%E0%B8%B2%E0%B8%82%E0%B8%B24/data=!4m7!3m6!1s0x313c39af92e18121:0xb2f489fd4dd0694a!8m2!3d16.9480678!4d104.7212515!16s%2Fg%2F11fmyr2f9l!19sChIJIYHhkq85PDERSmnQTf2J9LI?authuser=0&hl=en&rclk=1,มุกดาหมูกะทะสาขา4,4.6,(52),Korean beef restaurant,·,51 หมู่ ที่ 9 บายพาส,https://lh5.googleusercontent.com/p/AF1QipOwArSpymOgTwh_3sDRR6dzbh01uGuP7ESgaA0E=w80-h106-k-no,Dine-in,·,Takeaway
https://www.google.com/maps/place/%E0%B8%99%E0%B9%89%E0%B8%AD%E0%B8%87%E0%B9%81%E0%B8%9A%E0%B8%A1+%E0%B8%82%E0%B9%89%E0%B8%B2%E0%B8%A7%E0%B8%9B%E0%B8%B8%E0%B9%89%E0%B8%99%E0%B8%99%E0%B9%89%E0%B8%B3%E0%B8%99%E0%B8%B1%E0%B8%A7/data=!4m7!3m6!1s0x313c37eb506ade73:0xe04375695b223043!8m2!3d16.9236096!4d104.6811579!16s%2Fg%2F11ckzcy2h9!19sChIJc95qUOs3PDERQzAiW2l1Q-A?authuser=0&hl=en&rclk=1,น้องแบม ข้าวปุ้นน้ำนัว,4.2,(57),Restaurant,,,https://lh5.googleusercontent.com/p/AF1QipM66Yag8zsse-gdYD9RiuM1BjC2M2DC7QvJr5Bj=w122-h92-k-no,Dine-in,·,Takeaway
https://www.google.com/maps/place/%E0%B9%81%E0%B8%9E%E0%B9%81%E0%B8%AE%E0%B8%9B%E0%B8%9B%E0%B8%B5%E0%B9%89+%E0%B8%A5%E0%B9%88%E0%B8%AD%E0%B8%87%E0%B9%81%E0%B8%9E%E0%B8%9D%E0%B8%B1%E0%B9%88%E0%B8%87%E0%B9%81%E0%B8%94%E0%B8%87+%E0%B8%AB%E0%B8%99%E0%B8%AD%E0%B8%87%E0%B8%AB%E0%B8%A7%E0%B8%B2%E0%B8%A2/data=!4m7!3m6!1s0x313c37f09c56be21:0x1cf77584cc66cfbb!8m2!3d16.9393432!4d104.6735023!16s%2Fg%2F11h600vxbn!19sChIJIb5WnPA3PDERu89mzIR19xw?authuser=0&hl=en&rclk=1,แพแฮปปี้ ล่องแพฝั่งแดง หนองหวาย,3.0,(1),Restaurant,·,แพหนองหวาย บ้าน,https://lh5.googleusercontent.com/p/AF1QipP3-1_ErLaOw0ApdPbIr5BeY5ioQRbye5rhUAa4=w80-h106-k-no,Dine-in,·,Takeaway
https://www.google.com/maps/place/%E0%B8%81%E0%B9%8B%E0%B8%A7%E0%B8%A2%E0%B9%80%E0%B8%95%E0%B8%B5%E0%B9%8B%E0%B8%A2%E0%B8%A7+%E0%B9%84%E0%B8%81%E0%B9%88+%E0%B8%95%E0%B8%B8%E0%B9%8B%E0%B8%99+%E0%B8%A1%E0%B8%B0%E0%B8%A3%E0%B8%B0/data=!4m7!3m6!1s0x313c3761dccc7c31:0xe24b02952969df7a!8m2!3d16.9381326!4d104.724635!16s%2Fg%2F11l2vl_c10!19sChIJMXzM3GE3PDERet9pKZUCS-I?authuser=0&hl=en&rclk=1,ก๋วยเตี๋ยว ไก่ ตุ๋น มะระ,,,Restaurant,·,WPQF+7V2 นพ.3015,https://streetviewpixels-pa.googleapis.com/v1/thumbnail?panoid=BdGVapuydOdMpqI6wmzuVA&cb_client=search.gws-prod.gps&w=80&h=92&yaw=284.32083&pitch=0&thumbfov=100,Dine-in,·,Takeaway
https://www.google.com/maps/place/%E0%B8%82%E0%B9%89%E0%B8%B2%E0%B8%A7%E0%B8%A1%E0%B8%B1%E0%B8%99%E0%B9%84%E0%B8%81%E0%B9%88+-+%E0%B8%82%E0%B9%89%E0%B8%B2%E0%B8%A7%E0%B8%82%E0%B8%B2%E0%B8%AB%E0%B8%A1%E0%B8%B9+%E0%B9%80%E0%B8%88%E0%B9%89%E0%B9%80%E0%B9%80%E0%B8%AD%E0%B9%8B%E0%B8%A7%E0%B8%98%E0%B8%B2%E0%B8%95%E0%B8%B8%E0%B8%9E%E0%B8%99%E0%B8%A1/data=!4m7!3m6!1s0x313c39c4b18c2413:0xa52617c7b4c681ac!8m2!3d16.9509263!4d104.7220867!16s%2Fg%2F11gfjr49nj!19sChIJEySMscQ5PDERrIHGtMcXJqU?authuser=0&hl=en&rclk=1,ข้าวมันไก่ - ข้าวขาหมู เจ้เเอ๋วธาตุพนม,5.0,(2),Restaurant,·,XP2C+9RG อ.ธาตุพนม จ,,Dine-in,·,Takeaway
https://www.google.com/maps/place/%E0%B8%81%E0%B8%A5%E0%B9%89%E0%B8%A7%E0%B8%A2%E0%B8%97%E0%B8%AD%E0%B8%94/data=!4m7!3m6!1s0x313c39c8696b8a29:0x85a532a40522931b!8m2!3d16.9454915!4d104.7211654!16s%2Fg%2F11fjt9sd3m!19sChIJKYpracg5PDERG5MiBaQypYU?authuser=0&hl=en&rclk=1,กล้วยทอด,5.0,(2),Restaurant,·,WPWC+5FV 2030,,Takeaway,,
https://www.google.com/maps/place/%E0%B8%A3%E0%B9%89%E0%B8%B2%E0%B8%99%E0%B8%AD%E0%B8%B2%E0%B8%AB%E0%B8%B2%E0%B8%A3%E0%B8%81%E0%B9%8B%E0%B8%A7%E0%B8%A2%E0%B9%80%E0%B8%95%E0%B8%B5%E0%B9%8B%E0%B8%A2%E0%B8%A7%E0%B8%81%E0%B8%B1%E0%B8%87%E0%B8%AB%E0%B8%B1%E0%B8%99/data=!4m7!3m6!1s0x313c39accb181a0f:0x6dcb871b05a1fc18!8m2!3d16.9445185!4d104.7273163!16s%2Fg%2F11f6g596pv!19sChIJDxoYy6w5PDERGPyhBRuHy20?authuser=0&hl=en&rclk=1,ร้านอาหารก๋วยเตี๋ยวกังหัน,3.8,(13),Restaurant,·,WPVG+RW4,,Dine-in,·,Takeaway
https://www.google.com/maps/place/Local+food+restaurant/data=!4m7!3m6!1s0x313c395a6fb71177:0xb687371885f07666!8m2!3d16.9444155!4d104.7269888!16s%2Fg%2F11h2my6wx8!19sChIJdxG3b1o5PDERZnbwhRg3h7Y?authuser=0&hl=en&rclk=1,Local food restaurant,4.5,(2),Restaurant,·,Unnamed Road,,Dine-in,·,Takeaway
https://www.google.com/maps/place/%E0%B8%82%E0%B9%89%E0%B8%B2%E0%B8%A7%E0%B8%A1%E0%B8%B1%E0%B8%99%E0%B9%84%E0%B8%81%E0%B9%88+-+%E0%B8%82%E0%B9%89%E0%B8%B2%E0%B8%A7%E0%B8%82%E0%B8%B2%E0%B8%AB%E0%B8%A1%E0%B8%B9+%E0%B9%80%E0%B8%88%E0%B9%89%E0%B9%80%E0%B9%80%E0%B8%AD%E0%B9%8B%E0%B8%A7%E0%B8%98%E0%B8%B2%E0%B8%95%E0%B8%B8%E0%B8%9E%E0%B8%99%E0%B8%A1/data=!4m7!3m6!1s0x313c39c4b18c2413:0xa52617c7b4c681ac!8m2!3d16.9509263!4d104.7220867!16s%2Fg%2F11gfjr49nj!19sChIJEySMscQ5PDERrIHGtMcXJqU?authuser=0&hl=en&rclk=1,ข้าวมันไก่ - ข้าวขาหมู เจ้เเอ๋วธาตุพนม,5.0,(2),Restaurant,·,XP2C+9RG อ.ธาตุพนม จ,https://lh5.googleusercontent.com/p/AF1QipNBlV4uDA4J4nM_dy5MWuwFSOitjUDEa1fhp3vZ=w122-h92-k-no,Dine-in,·,Takeaway
https://www.google.com/maps/place/%E0%B8%81%E0%B8%A5%E0%B9%89%E0%B8%A7%E0%B8%A2%E0%B8%97%E0%B8%AD%E0%B8%94/data=!4m7!3m6!1s0x313c39c8696b8a29:0x85a532a40522931b!8m2!3d16.9454915!4d104.7211654!16s%2Fg%2F11fjt9sd3m!19sChIJKYpracg5PDERG5MiBaQypYU?authuser=0&hl=en&rclk=1,กล้วยทอด,5.0,(2),Restaurant,·,WPWC+5FV 2030,https://lh5.googleusercontent.com/p/AF1QipM34syqVSJtpyuKWrvrQ0pNZMI50XQXJonvQU_6=w163-h92-k-no,Takeaway,,
https://www.google.com/maps/place/%E0%B8%A3%E0%B9%89%E0%B8%B2%E0%B8%99%E0%B8%AD%E0%B8%B2%E0%B8%AB%E0%B8%B2%E0%B8%A3%E0%B8%81%E0%B9%8B%E0%B8%A7%E0%B8%A2%E0%B9%80%E0%B8%95%E0%B8%B5%E0%B9%8B%E0%B8%A2%E0%B8%A7%E0%B8%81%E0%B8%B1%E0%B8%87%E0%B8%AB%E0%B8%B1%E0%B8%99/data=!4m7!3m6!1s0x313c39accb181a0f:0x6dcb871b05a1fc18!8m2!3d16.9445185!4d104.7273163!16s%2Fg%2F11f6g596pv!19sChIJDxoYy6w5PDERGPyhBRuHy20?authuser=0&hl=en&rclk=1,ร้านอาหารก๋วยเตี๋ยวกังหัน,3.8,(13),Restaurant,·,WPVG+RW4,https://lh5.googleusercontent.com/p/AF1QipPaYCxFc7lgAw-QiTkRJckOGk2MlnjeN-E1vKP7=w163-h92-k-no,Dine-in,·,Takeaway
https://www.google.com/maps/place/Local+food+restaurant/data=!4m7!3m6!1s0x313c395a6fb71177:0xb687371885f07666!8m2!3d16.9444155!4d104.7269888!16s%2Fg%2F11h2my6wx8!19sChIJdxG3b1o5PDERZnbwhRg3h7Y?authuser=0&hl=en&rclk=1,Local food restaurant,4.5,(2),Restaurant,·,Unnamed Road,https://lh5.googleusercontent.com/p/AF1QipObIHAwqRw29cTKz-88rvaj33CrQX9ICW4o2RiE=w184-h92-k-no,Dine-in,·,Takeaway
https://www.google.com/maps/place/%E0%B8%A3%E0%B9%89%E0%B8%B2%E0%B8%99%E0%B8%8A%E0%B8%B4%E0%B8%99%E0%B8%88%E0%B8%B1%E0%B8%87%E0%B9%84%E0%B8%81%E0%B9%88%E0%B8%A2%E0%B9%88%E0%B8%B2%E0%B8%87%E0%B8%AD%E0%B8%B5%E0%B8%AA%E0%B8%B2%E0%B8%99%E0%B9%81%E0%B8%8B%E0%B9%88%E0%B8%9A/data=!4m7!3m6!1s0x313c39c4ab2a8f8b:0x5e2eea939224af4a!8m2!3d16.9444181!4d104.7220987!16s%2Fg%2F11qvdrb4qf!19sChIJi48qq8Q5PDERSq8kkpPqLl4?authuser=0&hl=en&rclk=1,ร้านชินจังไก่ย่างอีสานแซ่บ,5.0,(2),Restaurant,·,·,https://lh5.googleusercontent.com/p/AF1QipMln1xMzQHbjRD7KqHtkFuisInrPKh5JvkeYHAR=w122-h92-k-no,Dine-in,·,Takeaway
https://www.google.com/maps/place/%E0%B9%81%E0%B8%94%E0%B8%87%E0%B8%82%E0%B9%89%E0%B8%B2%E0%B8%A7%E0%B9%80%E0%B8%9B%E0%B8%B5%E0%B8%A2%E0%B8%81%E0%B9%80%E0%B8%AA%E0%B9%89%E0%B8%99/data=!4m7!3m6!1s0x313c3790e979bb59:0x35ff8e6cac72219b!8m2!3d16.9352991!4d104.7239626!16s%2Fg%2F11s0tmphjt!19sChIJWbt56ZA3PDERmyFyrGyO_zU?authuser=0&hl=en&rclk=1,แดงข้าวเปียกเส้น,4.0,(1),Restaurant,·,173 นพ.3015,https://streetviewpixels-pa.googleapis.com/v1/thumbnail?panoid=cgj2ccwzFvUEl4bGxH28fw&cb_client=search.gws-prod.gps&w=80&h=92&yaw=255.70851&pitch=0&thumbfov=100,Dine-in,·,Takeaway
https://www.google.com/maps/place/%E0%B8%A3%E0%B9%89%E0%B8%B2%E0%B8%99%E0%B8%81%E0%B9%8B%E0%B8%A7%E0%B8%A2%E0%B9%80%E0%B8%95%E0%B8%B5%E0%B9%8B%E0%B8%A2%E0%B8%A7%E0%B9%80%E0%B8%88%E0%B9%8A%E0%B8%81%E0%B8%B9%E0%B8%94%E0%B8%AB%E0%B8%B1%E0%B8%A7%E0%B8%AA%E0%B8%B0%E0%B8%9E%E0%B8%B2%E0%B8%99%E0%B8%9A%E0%B9%89%E0%B8%B2%E0%B8%99%E0%B8%94%E0%B8%AD%E0%B8%99%E0%B8%81%E0%B8%A5%E0%B8%B2%E0%B8%87/data=!4m7!3m6!1s0x313c3958f76a9539:0x7d9e4e466c9789a!8m2!3d16.9443685!4d104.7167384!16s%2Fg%2F11vbg4t5k2!19sChIJOZVq91g5PDERmnjJZuTk2Qc?authuser=0&hl=en&rclk=1,ร้านก๋วยเตี๋ยวเจ๊กูดหัวสะพานบ้านดอนกลาง,4.8,(6),Noodle Shop,·,บ้านดอนกลางทุ่ง 146 หมู่9,https://lh5.googleusercontent.com/p/AF1QipNAjwsu_vcGfwz2cPSlQpQYKvbhvfIC1ixxYf2f=w122-h92-k-no,Dine-in,·,Takeaway
https://www.google.com/maps/place/%E0%B8%AD%E0%B8%AD%E0%B8%81%E0%B8%B1%E0%B8%AA%E0%B8%9B%E0%B8%B2%E0%B8%81%E0%B8%AB%E0%B8%A1%E0%B9%89%E0%B8%AD%E0%B8%98%E0%B8%B2%E0%B8%95%E0%B8%B8%E0%B8%9E%E0%B8%99%E0%B8%A1/data=!4m7!3m6!1s0x313c399e6e1276b5:0x6797e0225cd136c4!8m2!3d16.9399486!4d104.7261925!16s%2Fg%2F11v43tgpd9!19sChIJtXYSbp45PDERxDbRXCLgl2c?authuser=0&hl=en&rclk=1,ออกัสปากหม้อธาตุพนม,1.0,(1),Fast Food,·,31,https://lh5.googleusercontent.com/p/AF1QipPL_7HYPpVSEW6jG2XSu_gqVMLd6VwMlA9wxO97=w122-h92-k-no,Dine-in,·,Kerbside pickup
https://www.google.com/maps/place/%E0%B8%A3%E0%B9%89%E0%B8%B2%E0%B8%99%E0%B8%A8%E0%B8%A3%E0%B8%B5%E0%B8%A3%E0%B8%B1%E0%B8%90%E0%B8%97%E0%B8%B4%E0%B8%9E%E0%B8%A3%E0%B8%AA+%E0%B9%82%E0%B8%94%E0%B8%A2%E0%B8%99%E0%B8%B2%E0%B8%A2%E0%B8%98%E0%B8%99%E0%B8%A7%E0%B8%B4%E0%B8%99%E0%B8%97%E0%B9%8C+%E0%B9%81%E0%B8%AA%E0%B8%87%E0%B8%AA%E0%B8%B8%E0%B8%A7%E0%B8%A3%E0%B8%A3%E0%B8%93/data=!4m7!3m6!1s0x313c377ebe4c1bb7:0x2121391490831b50!8m2!3d16.9401834!4d104.7242507!16s%2Fg%2F1hc22xckh!19sChIJtxtMvn43PDERUBuDkBQ5ISE?authuser=0&hl=en&rclk=1,ร้านศรีรัฐทิพรส โดยนายธนวินท์ แสงสุวรรณ,,,Restaurant,·,162 Chayangkun Rd,https://maps.gstatic.com/tactile/pane/result-no-thumbnail-2x.png,Dine-in,·,Takeaway
https://www.google.com/maps/place/MILK+SIX/data=!4m7!3m6!1s0x313c3761e15eb54b:0xdab7c7f050cad660!8m2!3d16.9385907!4d104.7240321!16s%2Fg%2F11fx8gfqjk!19sChIJS7Ve4WE3PDERYNbKUPDHt9o?authuser=0&hl=en&rclk=1,MILK SIX,4.4,(9),Small Plates,·,WPQF+CJM นพ.3015,https://lh5.googleusercontent.com/p/AF1QipNIL1tQj49e8-Guo88ilKE1lF6mC_45gxTIlXOi=w175-h92-k-no,Dine-in,·,Takeaway
"https://www.google.com/maps/place/Khanom+Jeen+Nong+Kaem+Ban+Tong:+Fresh,+Chewy+Soft+Noodles,+Until+5.30+PM/data=!4m7!3m6!1s0x313c37eb1e251fd9:0x19149402fd8c5245!8m2!3d16.9219603!4d104.680453!16s%2Fg%2F11clvhxkk9!19sChIJ2R8lHus3PDERRVKM_QKUFBk?authuser=0&hl=en&rclk=1","Khanom Jeen Nong Kaem Ban Tong: Fresh, Chewy Soft Noodles, Until 5.30 PM",4.5,(88),Restaurant,·,WMCJ+Q5P,https://lh5.googleusercontent.com/p/AF1QipON5qwk18UGD3DDQPdBHmJEL6Bt8TIexTIn05Wj=w122-h92-k-no,Dine-in,·,Takeaway
https://www.google.com/maps/place/%E0%B8%A3%E0%B9%89%E0%B8%B2%E0%B8%99%E0%B8%82%E0%B9%89%E0%B8%B2%E0%B8%A7%E0%B8%9B%E0%B8%B8%E0%B9%89%E0%B8%99%E0%B8%A2%E0%B8%B2%E0%B8%A2%E0%B8%A5%E0%B8%B5/data=!4m7!3m6!1s0x313c394ee6a4fbb3:0x36e7265d64380ae!8m2!3d16.9526093!4d104.7225594!16s%2Fg%2F11s0kk4wjw!19sChIJs_uk5k45PDERroBD1mVybgM?authuser=0&hl=en&rclk=1,ร้านข้าวปุ้นยายลี,4.0,(1),Restaurant,·,199 หมู่ 5,https://lh5.googleusercontent.com/p/AF1QipPBd5f7YjdT7ma39Pf5p8JTk-5gqnGWpNrS_k-Y=w80-h106-k-no,Dine-in,·,Drive-through
https://www.google.com/maps/place/%E0%B8%A5%E0%B8%B8%E0%B8%87%E0%B8%AB%E0%B8%99%E0%B8%A7%E0%B8%94%E0%B8%81%E0%B8%B8%E0%B9%89%E0%B8%87%E0%B9%80%E0%B8%9C%E0%B8%B2/data=!4m7!3m6!1s0x313c37ea9449e03b:0x728caf31fd1ab305!8m2!3d16.9202192!4d104.6804368!16s%2Fg%2F11qk3hq1sx!19sChIJO-BJlOo3PDERBbMa_TGvjHI?authuser=0&hl=en&rclk=1,ลุงหนวดกุ้งเผา,4.4,(7),Restaurant,,,https://lh5.googleusercontent.com/p/AF1QipNtWeau3JfDRLk9DseiEelAGrvqiKDvTofD3irA=w80-h106-k-no,Takeaway,,
https://www.google.com/maps/place/Pak+Mo+Vietnam/data=!4m7!3m6!1s0x313c39de10d7d4f1:0x40be30cdd944beb5!8m2!3d16.9432967!4d104.7278099!16s%2Fg%2F11fz7kfbx7!19sChIJ8dTXEN45PDERtb5E2c0wvkA?authuser=0&hl=en&rclk=1,Pak Mo Vietnam,4.5,(41),Vietnamese,·,37 ถนน พนมพนารักษ์,https://lh5.googleusercontent.com/p/AF1QipPiZMKuNZjnSbMpFvCoLj5Qn_a7gL6f8uuWKBvr=w163-h92-k-no,Dine-in,·,Takeaway
https://www.google.com/maps/place/%E0%B8%AD%E0%B9%8B%E0%B8%AD%E0%B8%A2+%E0%B8%82%E0%B9%89%E0%B8%B2%E0%B8%A7%E0%B9%81%E0%B8%81%E0%B8%87%E0%B8%9B%E0%B8%B1%E0%B8%81%E0%B8%A9%E0%B9%8C%E0%B9%83%E0%B8%95%E0%B9%89+%E0%B8%AD%E0%B8%B2%E0%B8%AB%E0%B8%B2%E0%B8%A3%E0%B8%95%E0%B8%B2%E0%B8%A1%E0%B8%AA%E0%B8%B1%E0%B9%88%E0%B8%87/data=!4m7!3m6!1s0x313c390074e4ee8b:0xdf541614920869f6!8m2!3d16.941774!4d104.7262716!16s%2Fg%2F11vxmx1yx4!19sChIJi-7kdAA5PDER9mkIkhQWVN8?authuser=0&hl=en&rclk=1,อ๋อย ข้าวแกงปักษ์ใต้ อาหารตามสั่ง,,,Restaurant,·,WPP6+2JG วัดบ้านนาหัวดอน,https://streetviewpixels-pa.googleapis.com/v1/thumbnail?panoid=mNVMPktFZait2GBAosjWrg&cb_client=search.gws-prod.gps&w=80&h=92&yaw=63.023987&pitch=0&thumbfov=100,Takeaway,,
https://www.google.com/maps/place/%E0%B8%A1%E0%B8%B2%E0%B8%AB%E0%B8%B2%E0%B9%84%E0%B8%A3%E0%B8%A3%E0%B8%B4%E0%B8%A1%E0%B8%9A%E0%B8%B6%E0%B8%87+%E0%B8%98%E0%B8%B2%E0%B8%95%E0%B8%B8%E0%B8%9E%E0%B8%99%E0%B8%A1/data=!4m7!3m6!1s0x313c39dd97499e19:0x32606a445e88525f!8m2!3d16.946449!4d104.7276737!16s%2Fg%2F11hbw25zwf!19sChIJGZ5Jl905PDERX1KIXkRqYDI?authuser=0&hl=en&rclk=1,มาหาไรริมบึง ธาตุพนม,3.0,(3),Restaurant,·,·,https://lh5.googleusercontent.com/p/AF1QipMxUBeCw5Mh4exEnO-hhM2-FY1MKuyd1wYOFSiN=w122-h92-k-no,Dine-in,·,Takeaway
https://www.google.com/maps/place/%E0%B8%AA%E0%B8%B2%E0%B8%A1%E0%B8%81%E0%B8%AD+%E0%B8%81%E0%B9%8B%E0%B8%A7%E0%B8%A2%E0%B9%80%E0%B8%95%E0%B8%B5%E0%B9%8B%E0%B8%A2%E0%B8%A7%E0%B9%80%E0%B8%A3%E0%B8%B7%E0%B8%AD%E0%B9%80%E0%B8%99%E0%B8%B7%E0%B9%89%E0%B8%AD%E0%B9%82%E0%B8%84%E0%B8%82%E0%B8%B8%E0%B8%99/data=!4m7!3m6!1s0x313c39193598ca43:0x3f013ccc8f6c1413!8m2!3d16.9520935!4d104.7255579!16s%2Fg%2F11jjj7xrjq!19sChIJQ8qYNRk5PDERExRsj8w8AT8?authuser=0&hl=en&rclk=1,สามกอ ก๋วยเตี๋ยวเรือเนื้อโคขุน,4.3,(6),Restaurant,·,"XP2G+R6M, Chayangkun Rd",https://lh5.googleusercontent.com/p/AF1QipPa5X6T4ZMqBHg7M1MUKiF6u51EA5BUxUSr6l7K=w122-h92-k-no,Dine-in,·,Takeaway
https://www.google.com/maps/place/%E0%B9%80%E0%B8%99%E0%B8%B7%E0%B9%89%E0%B8%AD%E0%B8%95%E0%B8%B8%E0%B9%8B%E0%B8%99%E0%B8%98%E0%B8%B2%E0%B8%95%E0%B8%B8%E0%B8%9E%E0%B8%99%E0%B8%A1/data=!4m7!3m6!1s0x313c39e57913d56d:0x6e853b1b682e63bd!8m2!3d16.9447064!4d104.7229259!16s%2Fg%2F11g_sr05vc!19sChIJbdUTeeU5PDERvWMuaBs7hW4?authuser=0&hl=en&rclk=1,เนื้อตุ๋นธาตุพนม,,,Restaurant,·,42 หมู่14,https://lh5.googleusercontent.com/p/AF1QipPEz9X8X_S-3m9FTD5ZA6h8Sd6yzEVWNzpj0jIz=w122-h92-k-no,Dine-in,·,Takeaway
https://www.google.com/maps/place/%E0%B8%A3%E0%B9%89%E0%B8%B2%E0%B8%99%E0%B8%99%E0%B8%B2%E0%B8%A2%E0%B8%99%E0%B9%89%E0%B8%AD%E0%B8%A2%E0%B8%AA%E0%B8%A7%E0%B8%99%E0%B8%AA%E0%B8%B8%E0%B8%A0%E0%B8%B2%E0%B8%9E/data=!4m7!3m6!1s0x313c39dbf59d4a1d:0x40e534f4bc19afc1!8m2!3d16.945977!4d104.722881!16s%2Fg%2F1pzsf1y1k!19sChIJHUqd9ds5PDERwa8ZvPQ05UA?authuser=0&hl=en&rclk=1,ร้านนายน้อยสวนสุภาพ,2.0,(1),Thai,·,"57/6 หมู่ 7, ตำบลธาตุพนม อำเภอธาตุพนม จังหวัดนครพนม, 48110",https://maps.gstatic.com/tactile/pane/result-no-thumbnail-2x.png,Dine-in,·,Takeaway
,,,,,,,,,,
